2020	1641002909	0x904a3fec55d93da800feb42ddd73aadf402b94c9f55b3372c38046eee14b2a7d	1	1716779219	0xb5426109eb25454c46c5a8ec470cf225943213b2fa2ffca2f6a0e0b656446e1d	1029120	0x0b7007c13325c48911f73a2dad5fa5dcbf808adc	0xa0b86991c6218b36c1d19d4a2e9eb0ce3606eb48	0x29bf558f52100b99bb70efb673a3849762a96c7c	0x0a87ece4e8c11cadabcd9ac850970a322e53b243	33942872
2020	1641076084	0xb70d56269bfd7708c86d712198967fb647065d5073058ed1116a53b650e47faa	1	1662976932	0x4f409e308d13aa4576e040deec1e2ebefdc819f27b828c74eec5a04c365c5284	1029522	0xa8754b9fa15fc18bb59458815510e40a12cd2014	0xcc8fa225d80b9c7d42f96e9570156c65d6caaa25	0x1d81d2801446645bd9c077aee5a99c8717dfd546	0x56ecf9b910f5e4c613b6ee7e942a9286d52850ec	2408
2020	1641153557	0x9c765648a0e2d30748028d3878074f8400dab6a868fbc6249ab762e3f865e944	1	1656857434	0x242afd1081dc90a745dc1f2c76797fa9ca08246c3c6e7484288c9eb7c5593a0a	1029965	0xa8754b9fa15fc18bb59458815510e40a12cd2014	0xcc8fa225d80b9c7d42f96e9570156c65d6caaa25	0xffebbdc0fc2d591e5c7040e02c35c84eba419f6b	0xffebbdc0fc2d591e5c7040e02c35c84eba419f6b	5898
2020	1641173061	0x1f7a28763f77b9d56c214de1c483016cb578c9fcd81dd2c05a189334b826a189	1	1667613419	0x29c23ad17ef93211b98784113a774932db1b9326e309d7ce11854dbbbf637327	1030089	0xa8754b9fa15fc18bb59458815510e40a12cd2014	0xcc8fa225d80b9c7d42f96e9570156c65d6caaa25	0x63d709d508dd2931617591309309bb7e17f9b623	0xa08730cacfcf3b85d9d4db50b44557cb03528776	13616
2020	1641185969	0x2f0ca51fd6a572d0b19ddf38bf0834faf94f2592eb5e9602d8d9c91e67029509	1	1662350964	0xfd9867bcd8136280d8ce6efe06a2c2ff22d954cab7e870afba68957c63f84837	1030163	0xa8754b9fa15fc18bb59458815510e40a12cd2014	0xcc8fa225d80b9c7d42f96e9570156c65d6caaa25	0x58157768a7982ad343784aaffca2faa34713be90	0x58157768a7982ad343784aaffca2faa34713be90	2115
2020	1641232091	0x34ee99640a4f6f6b5e0fc876113b3f61213be869f656136fc0760f1c0906cf5c	1	1703315747	0x545166c86ee01848f62000a8e59205d51bbae300352708baa181a4c651a4494a	1030456	0x0b7007c13325c48911f73a2dad5fa5dcbf808adc	0xa0b86991c6218b36c1d19d4a2e9eb0ce3606eb48	0x99dcd94af0774aa32bec991942d9cd6e053bf813	0x0be428b63eeecf10a3f65d9c66beeb5247155f8b	36254780
2020	1641247364	0x3af1d341c6f812375d6911156f0bbd70cb78f26f783414c83591d145efeef060	1	1704851051	0xb1a0756465c86ff229ae01c3afe3be18b089bcb69c54cc54605ed8f2e8c99efb	1030584	0xa8754b9fa15fc18bb59458815510e40a12cd2014	0xcc8fa225d80b9c7d42f96e9570156c65d6caaa25	0xb194df311bc9e79be70b5fc84d5d08598779727f	0x87f1351fd8aa6b2bbe393b91fc646dd23c309ee9	5650
2020	1641414325	0x08b50684f4b5d73ac18c299b5b0825c4bc4deae6760b552e98ef9298ad310628	1	1693910699	0x623b7edc792773e8e33d09dccec176b242123dab11cc82c90e706a562ec2f65f	1031717	0x0b7007c13325c48911f73a2dad5fa5dcbf808adc	0xa0b86991c6218b36c1d19d4a2e9eb0ce3606eb48	0xfaad5e638ecb278c21e2b55592ea22129cb27d66	0xaaa0cd960e5cad8b55349aeddbe10a37f4a2d749	27826445
2020	1641581839	0x843caa1255871eebdb7449974dc41d9469f76b02420ec9644488dd17dea8ed7f	1	1705285799	0x99dc73b8172d7d6114153b9712a223460b13d181e8f761e029e9ab80df1a6fe8	1032772	0xa8754b9fa15fc18bb59458815510e40a12cd2014	0xcc8fa225d80b9c7d42f96e9570156c65d6caaa25	0xb010f69bb2819600ca0cd919cef0c6bad8860a5f	0x7e69f7e7605d399faca6c6bbbc9c01d7ee71091c	7103
2020	1641588267	0xd95ac819222cbd0c2c54905c17f999606d0ec4dba1c7d0b3f593f9d46ce5b2f6	1	1705291991	0x49781ccf7e4f9446d6489d1794fd438bf411062bb6c18abd98a713b7018f36a3	1032798	0xa8754b9fa15fc18bb59458815510e40a12cd2014	0xcc8fa225d80b9c7d42f96e9570156c65d6caaa25	0x4acad6b862349f4ba195efd9ccdad1979f9dbcfa	0x90c3f17f7fd66b2f8a47292c96b382b805234079	10030
2020	1641610764	0x52f988fb1196e47ece9a6be6cb0da170ef66ca2e31c546f9c8a2901f3e1892ae	1	1668062111	0x6439924b27b93d74938feaf38e6c38b83715a39f1cd8117c1b63c3795a3a208d	1032883	0x97a9107c1793bc407d6f527b77e7fff4d812bece	0xbb0e17ef65f82ab018d8edd776e8dd940327b28b	0x8f1e14012fd02268faaba7826331e13dec1c240a	0x528472b3ab5629be2b102fcb1d25a0c305d7a0fb	10000000000000000000
2020	1641700061	0xff57645538f23bd23601e09f2bcdbe735416313c7b9d2ef5925c21eceefc0361	1	1656464968	0x072a02e17d1693b3227ff2bf5b554b1812f9a2f8f2ccd0bf7451eb741b4df594	1033361	0x0b7007c13325c48911f73a2dad5fa5dcbf808adc	0xa0b86991c6218b36c1d19d4a2e9eb0ce3606eb48	0xd1c151dfca945f44b8eeb3955e4088a9d4ddb99f	0x645a8a17bb0cc907ece031ad0b6ee7d2525a42b4	216610133
2020	1641806485	0x92d6f6948d874d1c232cd02f612cc496ea1faf331628a7569e55fa6ffdae227b	1	1662877039	0x01c560effe992b0a0cd2d2e9b6d062f8b911ddc4104de8a56111ac9a22aa759f	1033880	0xa8754b9fa15fc18bb59458815510e40a12cd2014	0xcc8fa225d80b9c7d42f96e9570156c65d6caaa25	0xd9685841c6a2263f7f616c236bf6f3a621fb357a	0xe90d27fc3e188fe1b7e7acbc160d70930a14a6b5	7702
2020	1641864203	0x83326c9bf1e7058ef4bb0fef65ac3cc47d1aeaf7b8eb3b749ceb2e432c537587	1	1703548019	0xf7994555959d82ffeec6833bef625a3057273ccd41b6912f360c279a547cb799	1034162	0x0b7007c13325c48911f73a2dad5fa5dcbf808adc	0xa0b86991c6218b36c1d19d4a2e9eb0ce3606eb48	0x51c369c893aaec2240c2faaeab147f914caf8ee2	0x78cc20ec015c88c6f92f648570f1f4a9cdbc65b4	250000000
2020	1641928048	0xc035fc1aefb380e9928fbd8e10e3f40eab109f2c05b39f2ec45540969c82fead	1	1658207078	0x23d5520882362554245cc955f46379a6248af7228fb10440220b1510ea3195f3	1034494	0x0b7007c13325c48911f73a2dad5fa5dcbf808adc	0xa0b86991c6218b36c1d19d4a2e9eb0ce3606eb48	0x6acc2c35ef1df80b0723fd70d21cb22026a8c92f	0x3207cc166560aa2c3b0abdc4c1abc15dfe559468	83855705
2020	1641938282	0xd8fa2ff075c5decab48a80009aafacea1186669df53286bbbaba105fdaae5136	1	1668119963	0xbe9e8e39c3dd70b636f8986d2f79fc6b66d5a5e1f5ee812ae29b42709553febe	1034544	0x0b7007c13325c48911f73a2dad5fa5dcbf808adc	0xa0b86991c6218b36c1d19d4a2e9eb0ce3606eb48	0x30d7e4ef47469cf78f608c6bc8f9a81a6b1ba1a0	0xc99a3360dd70a133a502e2e66b6a410676a0b3bb	96286862
2020	1641944817	0x18329c9a307f5443ccf081ac8444a4d7e1a4a9db87ee468e01c12d0a0b7d38c8	1	1660744373	0xda004d10ead191e1f71319df0b63a644a3da6bbbcf2625d737c6bbbb83ceb1a9	1034576	0x0b7007c13325c48911f73a2dad5fa5dcbf808adc	0xa0b86991c6218b36c1d19d4a2e9eb0ce3606eb48	0x07a9108b6e66ed00881f29edb7385eb7a6fbaadc	0xf8988175bea252545ffb849dd91bd706637119c0	173995315
2020	1641947708	0xb7700e01b1e2a3762aa226c7498bb4f30813fd05d6403215b619ecdbcbefa1bc	1	1656715974	0xdaf2866d82b85c8e4d543ad84352e4da1506863fcd7f8ff7721b1b1600ab9047	1034589	0xa8754b9fa15fc18bb59458815510e40a12cd2014	0xcc8fa225d80b9c7d42f96e9570156c65d6caaa25	0xc71ba36202d4b229b444b1cdeca7241540b91b42	0xad53911edc8a02064b59d32e92ee5e8e70061026	2854
2020	1641954866	0x4a8609ba864ea0a55f6a6e80d54b13f3e22d4c33826c70331f7a954bf000724f	1	1661592862	0x527687ea41ed40b0c56c125f61a4079e6e29e03a7139fe277723066e7f3513c2	1034623	0xa8754b9fa15fc18bb59458815510e40a12cd2014	0xcc8fa225d80b9c7d42f96e9570156c65d6caaa25	0xb5da457c74ffd602bfa9ba5a783d6bfeea15f4c7	0x08d92036420a05de5a094e4945932d49041efc20	4087
2020	1641960135	0x9670fdcf86b2ec3aaa2a014f6a1f224e7642b6242e43d58d23193585a4b4df34	1	1656952541	0xab543961e5a7d16ff57f3fe67fcf532a3e6b15fb9c37d54aadd7a3d381a7a46b	1034663	0xa8754b9fa15fc18bb59458815510e40a12cd2014	0xcc8fa225d80b9c7d42f96e9570156c65d6caaa25	0xa3bf22d6bc4c33388de4a9abd436b4df53f5750e	0x7241139cade75b60356c0739ed1b853edea5c9b7	14846
2020	1641970884	0x0d20625143245ff831e67f55db8bc52d2f54dd5525b8553a43e74a365815894c	1	1716263171	0x79adb30806a14fcd66e46fa4c00880735f287e60ea5df51baff52969ca33f985	1034722	0xa8754b9fa15fc18bb59458815510e40a12cd2014	0xcc8fa225d80b9c7d42f96e9570156c65d6caaa25	0x5d00cc4d375f3d2f9a87a93cb10631ad2795f23f	0x8c458f506640578ed4a514ffc12877ccd5a04062	10890
2020	1642067643	0x19946b9f6ace99ad2de3cf7063ae76cf8bc64a1e84cf37fc643fbbe2a9b1377c	1	1701687227	0x1f9654bf19d7e9140052652b8a18b95e49b4ff8befee3eab49184e3341787978	1035260	0x0b7007c13325c48911f73a2dad5fa5dcbf808adc	0xa0b86991c6218b36c1d19d4a2e9eb0ce3606eb48	0x965838a7d416c4210269826716e6033b0df10491	0x2bbd75a856c17e2207bb7a4f7d2c6ca43965cc70	144713243
2020	1642078503	0x14195056d9a068ef96cc6f37f1f3a3b35dc56384517cc929ac0c1e88260bddc5	1	1657921807	0xb094449328f8803231bb7ff30c76e176d57fef966665c4917bb9437606a37186	1035321	0xa8754b9fa15fc18bb59458815510e40a12cd2014	0xcc8fa225d80b9c7d42f96e9570156c65d6caaa25	0x1a3c3bc353dacca43961395c2b5eea58673d124e	0x2b99181cfaec4ed8375133f23c0aececbe20f87e	5300
2020	1642166623	0xc4407745e18b493a63b80823868f2f00ce6d768c05cc16f15d71df58c98423a8	1	1704844343	0x83ad8fd844042855e50ea366551e61bf5d50426cbd0d2921ace871e66d8381c2	1035768	0xa8754b9fa15fc18bb59458815510e40a12cd2014	0xcc8fa225d80b9c7d42f96e9570156c65d6caaa25	0x3b3f172edb45542be10aadc3f325397712e06622	0x6b2590fb29ca6eb7d25d849ce49d74a037ca96dc	6440
2020	1642289320	0x64119562fff83d490d52fa7d996efe35cd47bc37d06d37adb1feb07c92c6964a	1	1668557675	0xf807c05dd5c58c496fe47d381ee3ec3e01033a2d1078da94ec2cd08e24639fd0	1036340	0x0b7007c13325c48911f73a2dad5fa5dcbf808adc	0xa0b86991c6218b36c1d19d4a2e9eb0ce3606eb48	0xf1f1b5a63fdbee89a115212fe353f214d490b163	0xef676be083bd18cc7323467acbbc2adf69926b8d	24555075
2020	1642349315	0xf1ae3c63af2a90a5d2f851056216deca91a64874d40a637edda38de12ca8abe7	1	1705281827	0x824fb18130a1edd92079b19294a6531a6d88db09ea064d50663667af0867dcae	1036679	0xa8754b9fa15fc18bb59458815510e40a12cd2014	0xcc8fa225d80b9c7d42f96e9570156c65d6caaa25	0x11c38870e19d453c1aa9b22cfa177284c60b33eb	0x48bc3feb235b599345af00a8de6ac96868bcdd13	6586
2020	1642362478	0xcbc6fbc217c599aceea78de675131f902d944b5a4f3dadbd4aa2b43b1a6e88db	1	1668430307	0x76d04aa5b269f1784b2b2ef721555f1f547b56ccd8a48faf1d7e379f3305ed9d	1036767	0x0b7007c13325c48911f73a2dad5fa5dcbf808adc	0xa0b86991c6218b36c1d19d4a2e9eb0ce3606eb48	0x5ec4a3c27914a5f57f52116ea2dfdfd3c3deb4a7	0xff5d772e5cdb3e95457f3559fb9bf58a8ba95920	163009390
2020	1642364227	0x96f10cfee2504a44a1332ccdde4e72cc07662926b78e140be69170a2a85d71b1	1	1656803959	0xac452adb91b7773c3a14f0351e8b8f61adda773949ca2c1322a8d9b5d50e93a2	1036776	0x0b7007c13325c48911f73a2dad5fa5dcbf808adc	0xa0b86991c6218b36c1d19d4a2e9eb0ce3606eb48	0x3422d171f5ec676335145bc89b68004373a29aa4	0x11bfca54e3cb172f9fdfb4f3b5066c022112fb9e	21480695
2020	1642423223	0x8c1ccd4195130b71bfcc430ed4d9536840b7180c02a8006b5ab9f06526112083	1	1721536715	0x66d255709cbda3cec44bbf0985f105fa322672c0a42ee77428f0a73da9a8b1ab	1037083	0xa8754b9fa15fc18bb59458815510e40a12cd2014	0xcc8fa225d80b9c7d42f96e9570156c65d6caaa25	0x6b4dcbf2e9b6dbbee1dd6d70ac1727089c98d159	0xd7949adc941132e19db3b04d1a79b259b95efbea	10000
2020	1642475852	0x0ee52fb616a4dbe261287619c20250bd2344ff4bf1f455d1cb34e3e2a8451649	1	1657833348	0xbfcc7f8c86c2c7dcf86fc9c97d2911b645d0a3f1a332ca738010f6b8d60f3fed	1037378	0x97a9107c1793bc407d6f527b77e7fff4d812bece	0xbb0e17ef65f82ab018d8edd776e8dd940327b28b	0x0f0e07d80d5fd0c26231e448e17a30a6d71661ae	0xca2608a2a9e8a43907201d1a834879e3abcfe805	766135185643826201
2020	1642523567	0x85010866c01ad320e8814b2bf9cc57481b5d6999d2cf6cd803ac5754dc31e1ab	1	1715852339	0x50722a5acb8f12b177d03eab47e1099549d2623f356c5ce5ccb35128c6230ffb	1037706	0xa8754b9fa15fc18bb59458815510e40a12cd2014	0xcc8fa225d80b9c7d42f96e9570156c65d6caaa25	0x40485556f75b65df818f55090b1f7e5d576e0602	0x7af95d7f4fe400194c5c4930e0ebd44df1534e23	3058
2020	1642567849	0x5e0a893ba2918f955c832e6990c5503b355c39d98adca0ab42cab881738d8c63	1	1704834551	0x95e75dcf1cb3f8890e80a7f24acb953c66804e1838d091c7caf293a89a79817a	1037940	0xa8754b9fa15fc18bb59458815510e40a12cd2014	0xcc8fa225d80b9c7d42f96e9570156c65d6caaa25	0xc0d12c77976a39245b597a6a4befd2fc3c79801c	0x5b4e84b2151ab29f7d0c9498dd07cf5950762276	9869
2020	1642590121	0x89b465ccf574c7318b729738f063eb1d5fb716be7f3ef7d858dcf3d14a8e7955	1	1673609327	0xadf8286e9d0b92869944fc74c5c332b2f7c219f87ee77413e3330d6456b657b0	1038044	0x0b7007c13325c48911f73a2dad5fa5dcbf808adc	0xa0b86991c6218b36c1d19d4a2e9eb0ce3606eb48	0x282395884acd276981c44602a9352e50ed77264e	0x5d550135e74901056010666b7fe7278aec5b5414	171188072
2020	1642604309	0x1b3a1f1a34628dea536310ce98e6c7c905507a5af34f7812de80984ff94146b1	1	1656426666	0xbbfb81522ffa1da658e37f841a534c0afdd5209cf00bda821233afa9f3b944d5	1038122	0xa8754b9fa15fc18bb59458815510e40a12cd2014	0xcc8fa225d80b9c7d42f96e9570156c65d6caaa25	0xf669e69f851c1bc32c4555466d4f346c0424c358	0xf669e69f851c1bc32c4555466d4f346c0424c358	3336
2020	1642607243	0x3c63105d607eb8fb44bf6efac01a1f34cfc5ac4c6bb135807a96e951fb184700	1	1668349895	0x765efe2ec7198d1d38d566b5152a4ab63c8d5dc2ca59538fd011804dcbfd0c77	1038143	0x97a9107c1793bc407d6f527b77e7fff4d812bece	0xbb0e17ef65f82ab018d8edd776e8dd940327b28b	0x6c7b3caa84c7fc0574166452e4fb60c3a8820f05	0xe94ce9aa404f752abad41ddecbf82952901ebff9	35757610610421992
2020	1642716075	0xd7603a63b163e4902dc352b1a77662121acc7d5a4e48ae9e9c1867c0493c3719	1	1656684741	0x5200eba6bb91b1296dd2e8019a6fb0a215de09850cfc48c0d63b7a9ccf7a927c	1038783	0xa8754b9fa15fc18bb59458815510e40a12cd2014	0xcc8fa225d80b9c7d42f96e9570156c65d6caaa25	0x26302366b79cd7cce1f622e4ed963c952e815bdf	0x72e51b34235a2c8521c94f93c17644e4755e8d67	1378
2020	1642734644	0xd54451ed0ccd53d6b39e87c41c04915c1cd6a13e8e5b6898fe7656c43aae6f62	1	1689872711	0xcbd12e3f3fe1dc92e02be5a95ae7ac7f22f3633ae65f699f68e7372f70cb331a	1038896	0x0b7007c13325c48911f73a2dad5fa5dcbf808adc	0xa0b86991c6218b36c1d19d4a2e9eb0ce3606eb48	0xa537838a79ba3b874700e39934e157e4b7206c52	0xa537838a79ba3b874700e39934e157e4b7206c52	111477434
2020	1642737161	0x24551b266b0c8cd6492ce2b7d648ac65f0a3e0f63894cb217939bcd912827c01	1	1663444379	0xf18c30df90986405bef3b469c61d1abba4d01a47f60d9abba7884b4f44f6e39d	1038905	0xa8754b9fa15fc18bb59458815510e40a12cd2014	0xcc8fa225d80b9c7d42f96e9570156c65d6caaa25	0xfb1d33d2c3c4064066e9ea3370ecaebf71f93190	0xbde40ab6f5acf6d6b8c5a3fc704dd44f3b021f0d	4221
2020	1642776239	0x7c30887d0d8a3c099f6ce9d9bbe1406ac5a9ebfa10a537917c388af8987f7e81	1	1689751247	0xd5124155f65e1ddb5977a404d902d016728329b3a2d95ca8271a90f85c89cb1f	1039130	0x0b7007c13325c48911f73a2dad5fa5dcbf808adc	0xa0b86991c6218b36c1d19d4a2e9eb0ce3606eb48	0x40b3cdeb763553559b53fc3d6a658e297ad1bf01	0x3dea418fb6f092a9452ed09aa1d42277f1eb5542	50909371
2020	1643154134	0x0da2cccec9e7ae0eb2b6ca4448212936ffbcc774249f57a5f5312a83b593e209	1	1656652255	0xb93bfa6936b34c01c76591570e6ba5cf9bd14d731d469db0b5f664c1ad40086c	1040919	0x0b7007c13325c48911f73a2dad5fa5dcbf808adc	0xa0b86991c6218b36c1d19d4a2e9eb0ce3606eb48	0x40b6c635145dc473db7fb265938048c5e581aa93	0x51248de0d754269cdc44ca47511d0f2e05ac56d1	143292463
2020	1643199095	0x2655d0b37771b87aeb9ecdd37dadcca391e21e2dc7101a4ffb262b640a079795	1	1702178231	0x3979a656579d8d3a9f9b1526d28bd607f0eaa608134e0a90e98fbe126d19ac82	1041101	0x0b7007c13325c48911f73a2dad5fa5dcbf808adc	0xa0b86991c6218b36c1d19d4a2e9eb0ce3606eb48	0x9b0b16c9d682056c2ab6cde1c8a59aa1ac0fd49f	0x222239b310ad343bc73f54a4e73a07009f5ea8c1	1000844600
2020	1643328659	0x6c79263a9f83589036a5707ebab5f30296f065efd31ce9a5a2b1459a73b5ecce	1	1656453198	0xb6e5a8c544c1f0606c42fff05c506997bdfacb698efa661a7df81cc21a7df60f	1041893	0x0b7007c13325c48911f73a2dad5fa5dcbf808adc	0xa0b86991c6218b36c1d19d4a2e9eb0ce3606eb48	0x18f491b392fdc8c2fad7b6f56defff9495812c8d	0xe2a0ca883d69f5748201b794dcd8c28ac365aacb	67576723
2020	1643609231	0x55abba25fc3e5d4caf655799137c4b6dd1b43fd7a19ca60e601e1ef72ece1e40	1	1706426771	0x813553431ccdbd7b4197098221270feec83efdf6f26c98a4438a9719923b3d40	1043498	0x0b7007c13325c48911f73a2dad5fa5dcbf808adc	0xa0b86991c6218b36c1d19d4a2e9eb0ce3606eb48	0xf197d932953b84535a56c4342da452e4795ccf11	0x2b9191f9edc01de4ae41ad814ac177df7c3116ec	25223786
2020	1643633117	0xcfbd886ae98157616c74cfa842dc5ae2e9ca47ca85d121378c34208f5ae9948f	1	1657259058	0x871afb4538dc7a30113f44a0ab29e77e78d5afd064023090e452a2b6851f8ff8	1043610	0xa8754b9fa15fc18bb59458815510e40a12cd2014	0xcc8fa225d80b9c7d42f96e9570156c65d6caaa25	0x92bea6f664a53e546632fcc12a2ab013c42c3f9b	0x3b993a92a60224aa4cf75e171cb87d3a957d26cd	126
2020	1643702860	0xb0c430a4ad1d3c14e945fdf07a3ffd4df3187ada479df2c9aa5c4a6c4f49ebad	1	1657948840	0x0c0ab01bde4f467e30809422c7648d1313c3b6f0cf5a09c00b6eb5a4789db083	1043973	0x0b7007c13325c48911f73a2dad5fa5dcbf808adc	0xa0b86991c6218b36c1d19d4a2e9eb0ce3606eb48	0xaa828f07e08c5874659f0eca78ad8e45847f0eb3	0x87183f32e6622e50858b6090b71d7887cae61f06	81625759
2020	1644211339	0x0f15302f8655b9d75b41ec098cc961451db5565394e84ebbd01ff21e806a6e64	1	1656448460	0x78d76b219409dcbd82d10108bc5f677ebde32caa0869bd6f1f3379e6d6615baa	1046867	0x0b7007c13325c48911f73a2dad5fa5dcbf808adc	0xa0b86991c6218b36c1d19d4a2e9eb0ce3606eb48	0x6b9d342be54e77987bef23ef4556c7ca1edd5538	0xe933cf7e7627041a232f66ca3fc1da68c0a27e32	60538553
2020	1644231562	0x67e628248331bbca1e9cfae975e5435dabb8c45b4d7898d0fc3d101afafc08d2	1	1657098996	0x041896cf4eb9316f13affda3d2053b3ede2a8c14170ad649f2990d7174501df2	1046982	0xa8754b9fa15fc18bb59458815510e40a12cd2014	0xcc8fa225d80b9c7d42f96e9570156c65d6caaa25	0x52526054f002e732932601ef9420c8357a908e0d	0x06823c01e91b0f16387b035a9922a23e00daf507	9300
2020	1644247003	0x96f6166187e3f3ac49f7fbd20a6e498b5119aa265502a0d31fc96833fbd717f9	1	1671099083	0x0109db526ab0422a8a537e9bd76f7ae4c156eb3daac1e3b59a0eb5aeff31c48d	1047073	0xa8754b9fa15fc18bb59458815510e40a12cd2014	0xcc8fa225d80b9c7d42f96e9570156c65d6caaa25	0x173813de6ac166ad972d3d066350f1ca634507fd	0xffd31fc5650da12ed1b23881be737f98efa7e3f9	2926
2020	1644249943	0x63db03707cb3748adf6e2fee66b87e1aec6607359c446bae3a9859e47fbaf7d8	1	1699036787	0x279194789b2a87fe4f7b9be58ef84ae2991843692c2ee907811489d993baf35d	1047099	0x0b7007c13325c48911f73a2dad5fa5dcbf808adc	0xa0b86991c6218b36c1d19d4a2e9eb0ce3606eb48	0x796a529e1d03cfe9bd386ca1bc2193c475dfb2b6	0xf2619f812199c8d04e7eab3521b53f6233d36998	1
2020	1644268144	0x9aed3dd7b2559c9d8c6780794b41fd82f78d82ef61da661cbfd33b489d5cec15	1	1706420039	0x3ccc358de02ee874371d8e87e8cdd57dc586020d2d99c319bef388585ec429c4	1047196	0x0b7007c13325c48911f73a2dad5fa5dcbf808adc	0xa0b86991c6218b36c1d19d4a2e9eb0ce3606eb48	0xc1485cfb9967468de13b6694ad3061329995decc	0x69d68743f2561ea8e64d79843a8678f2733f286f	28764607
2020	1644289595	0xdbd2e27cf53961e8285c7f02f8bea8adbc8d0e8c2f51fbb5f0d7253af543afa8	1	1699036799	0x2a424e22ab7c87a98a6d78a5667847863fb4c6fd6b3ba8598b9b6526ce2ecca8	1047335	0xa8754b9fa15fc18bb59458815510e40a12cd2014	0xcc8fa225d80b9c7d42f96e9570156c65d6caaa25	0x796a529e1d03cfe9bd386ca1bc2193c475dfb2b6	0xf2619f812199c8d04e7eab3521b53f6233d36998	1
2020	1644330458	0x50888f2fa189b4e94b11ff9dc5a158e0a9adaaec807128141436bc9917c053d8	1	1666491911	0x05406726ab7c00420d21dbcbc05a906e375e0829d0bbf2d91cb60c18855331e4	1047682	0x0b7007c13325c48911f73a2dad5fa5dcbf808adc	0xa0b86991c6218b36c1d19d4a2e9eb0ce3606eb48	0xad4c32ee1264f7d2c6ac1231080613999d22e713	0xca4f8296087204732836876ecfdc39b99edef90d	97194114
2020	1644444340	0xb506f72f1855a35363a9e31dcb5ea38ea0023285c377cfcddef82a3ab5696e58	1	1705133135	0x40596f9e35af5f5e9292e294d5c0cad896007eea1542c0e06b644831e77dffef	1048451	0xa8754b9fa15fc18bb59458815510e40a12cd2014	0xcc8fa225d80b9c7d42f96e9570156c65d6caaa25	0xf73886956502c398a9d90890947ca9d414e870d7	0x8819ad38f2e3d8b524ddfbaa5ba3b33130eaeb46	6817
2020	1644449672	0x67f06c498f28af5a63b9e22d9f5a1c45bac9d6d5afd213bd881560278728eb84	1	1672513055	0x37ae75ccecddff9d8f547e34be541da5e2bd2833af80c272977056803b22c0ac	1048499	0xa8754b9fa15fc18bb59458815510e40a12cd2014	0xcc8fa225d80b9c7d42f96e9570156c65d6caaa25	0xe430573b4d0c6840a648b614f461803e847f74ad	0xb678389bddc6bbea965a8121517a099973ff75d0	8179
2020	1644465945	0xf516128c8b76e6a2ebe678d66f81258747a85f196bcc737401de5cc363017f85	1	1689683915	0x20ec4534feef6a6fc0397f7dc650b9878b7697f66606dbf494f5aa8402791d79	1048628	0x0b7007c13325c48911f73a2dad5fa5dcbf808adc	0xa0b86991c6218b36c1d19d4a2e9eb0ce3606eb48	0x1d0142d91e8ab59a3d568f0e8c3a72218b9cdb05	0x28924e8ac778d16b4e36cdb3e69b707e00870b75	100000000
2020	1644489740	0x4fbafd2a28b09d46d4d5770f6217ee7e7910fec7bd7126160ea4e6af6bd136fc	1	1664188295	0xf4b2f690319a846ed042a80f71a2c3582f0b2fb8f4dcc27ed5b623b664b70a05	1048812	0xa8754b9fa15fc18bb59458815510e40a12cd2014	0xcc8fa225d80b9c7d42f96e9570156c65d6caaa25	0x432b52be9adb830fe33d49d0b3d5a4e9f5e534fd	0xdab794d1d2426fd656ef9ef0a5ac7fb76a504175	5579
2020	1644553646	0x7b9676bb690e752c7de3705feb1a00ad761bce81f509d8ec797df9ca3147bfeb	1	1705294079	0x0f305c4c8057bfb839ee8632bebc4c76bd09f6c8a43a087a1d059480d1ae798f	1049367	0xa8754b9fa15fc18bb59458815510e40a12cd2014	0xcc8fa225d80b9c7d42f96e9570156c65d6caaa25	0x3a663eb363c2455d1dab730a4b601073a972b9d2	0xa72243fa7cb2a7d5420abc382c9697a0bc2b6336	5452
2020	1644959082	0x2b54ec1b65ae2939c260e7282e297bd87d15f4817e22cf8bde0203adf258989a	1	1704850931	0x1b43f1835f5c85c6f400a4ad1e23f74699ecc02f680ffcd11481f04d0309a0c7	1051623	0xa8754b9fa15fc18bb59458815510e40a12cd2014	0xcc8fa225d80b9c7d42f96e9570156c65d6caaa25	0xf03ab9a58dce84edbec96d45138e93d0f8dc3b42	0xdbd97b4ad0a6b67481b8bc33481457a590580bf4	8136
2020	1644976719	0xbe736286265e1dc130b1fc2cc444f5a304d743fd735425e687b99f7b1ad89724	1	1660881670	0x8814cb434d84d79bde31a8e03478772dd5f5aefe056b0a93e72303489a51d07f	1051700	0x0b7007c13325c48911f73a2dad5fa5dcbf808adc	0xa0b86991c6218b36c1d19d4a2e9eb0ce3606eb48	0x578999179639a7e60ad9b70a660ea7f8c057570e	0x1d8fea6d4e18c71dbae4492dc25a2fcf7029db96	601446446
2020	1645140711	0x3d3beffbf86915b89d0091bb21cde69eecc9e9f8244685c6ebd50434c3a93187	1	1658282017	0xdc119f4abb40f0e90dd305a0ff732e7e093bcad8fd0afd5b6883e8475a73c121	1052431	0x0b7007c13325c48911f73a2dad5fa5dcbf808adc	0xa0b86991c6218b36c1d19d4a2e9eb0ce3606eb48	0x081b5fed35403a83e3c91ba435e75a9d2e58a1f0	0x407801da8974b808e012b3801bff9b058264333d	68909459
2020	1645273154	0x83f9a89e8e61acab36386c6ad47f62f5f86a74fdb130517bd196661602685377	1	1658537109	0xe86e22504405fb12179565f8f3423f6ee159c2596bb14e70d94ba779f0edac7a	1052969	0xa8754b9fa15fc18bb59458815510e40a12cd2014	0xcc8fa225d80b9c7d42f96e9570156c65d6caaa25	0x889280d88c3b22aeea7d579e3e7aa6c147fe44d5	0x1a2a1c938ce3ec39b6d47113c7955baa9dd454f2	853
2020	1645452720	0x8ee2dd289951c71fa933ae8fd566db382a78352a1e850bf29d45eb9fbb517bd7	1	1661346164	0x34674612a0ce2935c17cd60be6a8087103bb8e02f1c448a71b22cd0094419196	1053693	0x0b7007c13325c48911f73a2dad5fa5dcbf808adc	0xa0b86991c6218b36c1d19d4a2e9eb0ce3606eb48	0xe04ca7a2ac43ba15623572cf3a2816a69ba1b520	0x74ad7bdb7e08736c9eb818b2e00b53f65adde919	4945042744
2020	1645578689	0x16b5c0011b4bf7d581f8c7c95b8baa057f3a8ca143aa008e475d4c038c4ccd34	1	1703922791	0xa15e95b26a67f7ef4a8cd0f81c3344a8e21ac2465f29fb7cbe66736db9ed68d2	1054127	0x0b7007c13325c48911f73a2dad5fa5dcbf808adc	0xa0b86991c6218b36c1d19d4a2e9eb0ce3606eb48	0x32d975cd493c41af39a8a66425aa3793286f05ec	0x42a0ca0e552535b05f3d8655e65da8d776e280ab	33816932
2020	1645664637	0x36e0efd4d4d9d726934f00553e75ef75ff55e6702a72c48395a8fedcbf30d483	1	1705893599	0x0e66e1d5f1b8798d7f15708e3ac127cc80fc8b7dfc7b5bf8a5f9d870b8b9f937	1054423	0xa8754b9fa15fc18bb59458815510e40a12cd2014	0xcc8fa225d80b9c7d42f96e9570156c65d6caaa25	0x541ec02b56e6620bbe58f78d181ca5e2275f94fa	0x5f5715db67b46005ee2522e1456dc1979361b0ba	9774
2020	1645674675	0xff6b7ffed3624f7ad339f2463441918fea8d801e5cb5e02ca39659e76480f9c0	1	1658584705	0xb0098916903a3cc356b7f448e3453cf82b48bdb070612ae894c638fe97fa202c	1054457	0x0b7007c13325c48911f73a2dad5fa5dcbf808adc	0xa0b86991c6218b36c1d19d4a2e9eb0ce3606eb48	0x0782c71a315a637a57bfc76a699dccfebb02cd09	0xaac6043ce4c094b5870435ea6cb5ae16da59bd40	1770839674
2020	1645763758	0x24f78833533d7549ccee9b397393e066dbe903fceb05ccb177393dfa748292e1	1	1662586147	0x4276323d681b09accceab522dd8a20d8a3d893c5efdcc7f0d106087d8c724348	1054792	0xa8754b9fa15fc18bb59458815510e40a12cd2014	0xcc8fa225d80b9c7d42f96e9570156c65d6caaa25	0x63f2240d38adbe59134a9fed9ad98bfcdcf753c4	0xd4691332166a7023c920e459c97220f5c354a4a5	2848
2020	1646215651	0x3a4f4964268aee246861bd98569329b0212bc775a4baf09de27c7fd446defc6c	1	1656803907	0x93401b11fd0d54ca5dbcc4ee64fc1698c62f7dda1e1131316487bde48a8519f6	1056378	0x0b7007c13325c48911f73a2dad5fa5dcbf808adc	0xa0b86991c6218b36c1d19d4a2e9eb0ce3606eb48	0x3422d171f5ec676335145bc89b68004373a29aa4	0x11bfca54e3cb172f9fdfb4f3b5066c022112fb9e	19940303
2020	1646240581	0x2b1fcaf43f1fefb2283a3f8c51042113981944a28d2849980fa91a41ea60d697	1	1673444279	0x7e78a835e69994406cbe0315571d74ec760abf7b3afce767fd736f119dfada97	1056476	0xa8754b9fa15fc18bb59458815510e40a12cd2014	0xcc8fa225d80b9c7d42f96e9570156c65d6caaa25	0x85437da69e3411a84f7c8070b90b7d430b21b7bb	0x7d20f224c7a493f3e9b62c2a3bc32fbb17d47677	10
2020	1646412350	0xbff5694ff62d6eee1b963fc74106101de9b821578b2d1bd4c5ac3d9863cb4898	1	1681915547	0x6288cc4c7fb27b15f88bd3d3eda3719fd0b9f8263bc5692dbe68ca47c77dae32	1057037	0x97a9107c1793bc407d6f527b77e7fff4d812bece	0xbb0e17ef65f82ab018d8edd776e8dd940327b28b	0x7b0959cc997d74980d19e59a57845bca98470707	0x815070a584d52384a1cdbff844a38ae657e93ac8	227555061131570870588
2020	1646479472	0xe56412fa8bad085180a16e9e1f76c58b4cad2a019f6137b01d7db74151850640	1	1690022687	0x064b72d2554185e62594078e7dc42b58659f4e381d8a46ec3d6382ca63e35eef	1057225	0x0b7007c13325c48911f73a2dad5fa5dcbf808adc	0xa0b86991c6218b36c1d19d4a2e9eb0ce3606eb48	0xc17122ab4333d1a85537de1c01af9f526fd81747	0x4849bfaa79a4957ad9bde33944cec3918cd12db5	49613168
2020	1646503175	0xd6be378c33ef047304eb3ec5f74cda64d68945f513018a8ec860b84ae6ba638c	1	1665423059	0x5563ec39d41c0abb4d5bdeb552a0d8a8d184eff8690396ba9cd9eae72346e06c	1057335	0x0b7007c13325c48911f73a2dad5fa5dcbf808adc	0xa0b86991c6218b36c1d19d4a2e9eb0ce3606eb48	0x5fbb0fae94d8c73e54a87ac92f4fa8484435e8c6	0xd9fd64a2d728f2cd80c33e5d0b36593a352f7af1	506570340
2020	1646503175	0xd6be378c33ef047304eb3ec5f74cda64d68945f513018a8ec860b84ae6ba638c	1	1665650579	0xc8b2aa7f5a795dcaa0d3057e71d01cb6cd982986a623882f63f383e1cfe370f5	1057335	0x0b7007c13325c48911f73a2dad5fa5dcbf808adc	0xa0b86991c6218b36c1d19d4a2e9eb0ce3606eb48	0x5fbb0fae94d8c73e54a87ac92f4fa8484435e8c6	0xd9fd64a2d728f2cd80c33e5d0b36593a352f7af1	506570340
2020	1646503175	0xd6be378c33ef047304eb3ec5f74cda64d68945f513018a8ec860b84ae6ba638c	1	1665651371	0xb31de25803e493a94da76862216868358212eedf7bd4a8a5ba0d2860e82e9b1c	1057335	0x0b7007c13325c48911f73a2dad5fa5dcbf808adc	0xa0b86991c6218b36c1d19d4a2e9eb0ce3606eb48	0x5fbb0fae94d8c73e54a87ac92f4fa8484435e8c6	0xd9fd64a2d728f2cd80c33e5d0b36593a352f7af1	506570340
2020	1646503424	0xb94f8d5e221f7e260a9b846262e4a74c5837d64a481400a303427160363b64fc	1	1665423059	0x5563ec39d41c0abb4d5bdeb552a0d8a8d184eff8690396ba9cd9eae72346e06c	1057336	0x0b7007c13325c48911f73a2dad5fa5dcbf808adc	0xa0b86991c6218b36c1d19d4a2e9eb0ce3606eb48	0x5fbb0fae94d8c73e54a87ac92f4fa8484435e8c6	0xd9fd64a2d728f2cd80c33e5d0b36593a352f7af1	506570340
2020	1646503424	0xb94f8d5e221f7e260a9b846262e4a74c5837d64a481400a303427160363b64fc	1	1665650579	0xc8b2aa7f5a795dcaa0d3057e71d01cb6cd982986a623882f63f383e1cfe370f5	1057336	0x0b7007c13325c48911f73a2dad5fa5dcbf808adc	0xa0b86991c6218b36c1d19d4a2e9eb0ce3606eb48	0x5fbb0fae94d8c73e54a87ac92f4fa8484435e8c6	0xd9fd64a2d728f2cd80c33e5d0b36593a352f7af1	506570340
2020	1646503424	0xb94f8d5e221f7e260a9b846262e4a74c5837d64a481400a303427160363b64fc	1	1665651371	0xb31de25803e493a94da76862216868358212eedf7bd4a8a5ba0d2860e82e9b1c	1057336	0x0b7007c13325c48911f73a2dad5fa5dcbf808adc	0xa0b86991c6218b36c1d19d4a2e9eb0ce3606eb48	0x5fbb0fae94d8c73e54a87ac92f4fa8484435e8c6	0xd9fd64a2d728f2cd80c33e5d0b36593a352f7af1	506570340
2020	1646504666	0x0dd5f3f02f4c7dcc624fb36dc3b82cbf3faab0ad93da84eb5aa57484b144d72e	1	1665423059	0x5563ec39d41c0abb4d5bdeb552a0d8a8d184eff8690396ba9cd9eae72346e06c	1057341	0x0b7007c13325c48911f73a2dad5fa5dcbf808adc	0xa0b86991c6218b36c1d19d4a2e9eb0ce3606eb48	0x5fbb0fae94d8c73e54a87ac92f4fa8484435e8c6	0xd9fd64a2d728f2cd80c33e5d0b36593a352f7af1	506570340
2020	1646504666	0x0dd5f3f02f4c7dcc624fb36dc3b82cbf3faab0ad93da84eb5aa57484b144d72e	1	1665650579	0xc8b2aa7f5a795dcaa0d3057e71d01cb6cd982986a623882f63f383e1cfe370f5	1057341	0x0b7007c13325c48911f73a2dad5fa5dcbf808adc	0xa0b86991c6218b36c1d19d4a2e9eb0ce3606eb48	0x5fbb0fae94d8c73e54a87ac92f4fa8484435e8c6	0xd9fd64a2d728f2cd80c33e5d0b36593a352f7af1	506570340
2020	1646504666	0x0dd5f3f02f4c7dcc624fb36dc3b82cbf3faab0ad93da84eb5aa57484b144d72e	1	1665651371	0xb31de25803e493a94da76862216868358212eedf7bd4a8a5ba0d2860e82e9b1c	1057341	0x0b7007c13325c48911f73a2dad5fa5dcbf808adc	0xa0b86991c6218b36c1d19d4a2e9eb0ce3606eb48	0x5fbb0fae94d8c73e54a87ac92f4fa8484435e8c6	0xd9fd64a2d728f2cd80c33e5d0b36593a352f7af1	506570340
2020	1646518010	0x635323a476e519617439b2c4832081c819b4a6c4dd96b3ca0d7f4bc1c9f0e1e9	1	1658166708	0xd234480c831f81579003e0fec4b0b53d83b517e1683d7308efddcbc2ddbe543c	1057377	0xa8754b9fa15fc18bb59458815510e40a12cd2014	0xcc8fa225d80b9c7d42f96e9570156c65d6caaa25	0x09bff03145649e5ec63e9e63957a1f69e720be16	0x6ecbd986c9637fe3bd338acee9d3d06b6b2c28fa	20000
2020	1646518010	0x635323a476e519617439b2c4832081c819b4a6c4dd96b3ca0d7f4bc1c9f0e1e9	1	1658166793	0xed5c0d76587b11c21a8b7673af5827b3a97f156dcfd0e3130ac5f114157fa642	1057377	0xa8754b9fa15fc18bb59458815510e40a12cd2014	0xcc8fa225d80b9c7d42f96e9570156c65d6caaa25	0x09bff03145649e5ec63e9e63957a1f69e720be16	0x6ecbd986c9637fe3bd338acee9d3d06b6b2c28fa	20000
2020	1646523488	0xf4ea677898e1030a6b0e1e6708dc9a63989fa867f0b9093dee47cabd742e9b84	1	1699210583	0xcd463906f7c08bb89c60f2e0e1942fb70a85c07286e00558ee7735eb5c15e9d7	1057395	0xa8754b9fa15fc18bb59458815510e40a12cd2014	0xcc8fa225d80b9c7d42f96e9570156c65d6caaa25	0xb874871418b941f64851b24e66d4831663a93f44	0xd49dfed589970d47cb5187088cab6533fd61614b	39
2020	1646527088	0x79745ba120fc8c788befffad9ceeace2676ce00bc7df3102b1a439733a80bb38	1	1658166708	0xd234480c831f81579003e0fec4b0b53d83b517e1683d7308efddcbc2ddbe543c	1057407	0xa8754b9fa15fc18bb59458815510e40a12cd2014	0xcc8fa225d80b9c7d42f96e9570156c65d6caaa25	0x09bff03145649e5ec63e9e63957a1f69e720be16	0x6ecbd986c9637fe3bd338acee9d3d06b6b2c28fa	20000
2020	1646527088	0x79745ba120fc8c788befffad9ceeace2676ce00bc7df3102b1a439733a80bb38	1	1658166793	0xed5c0d76587b11c21a8b7673af5827b3a97f156dcfd0e3130ac5f114157fa642	1057407	0xa8754b9fa15fc18bb59458815510e40a12cd2014	0xcc8fa225d80b9c7d42f96e9570156c65d6caaa25	0x09bff03145649e5ec63e9e63957a1f69e720be16	0x6ecbd986c9637fe3bd338acee9d3d06b6b2c28fa	20000
2020	1646623355	0xcb595f80d2c23c36d7fb3e719cce731f3c9e407af4abf38c6cf6b03a55af7fdf	1	1705893851	0x1c32f57e2111e4a87e244150a6d93afc882cffdb24792d752f183049c95c65f2	1057712	0xa8754b9fa15fc18bb59458815510e40a12cd2014	0xcc8fa225d80b9c7d42f96e9570156c65d6caaa25	0xfd41d597b8930578247d09ec0222bda1ffe5aaa0	0xfd41d597b8930578247d09ec0222bda1ffe5aaa0	9000
2020	1646755580	0xf1b9405449eda3981c98ac97e9155cb76849e98e27070b99dc794132f475d65c	1	1656657521	0x9790ab6b03ae3624b761547bfd97259a949942e5dab5d4d02081cabc5c4e292d	1058119	0xa8754b9fa15fc18bb59458815510e40a12cd2014	0xcc8fa225d80b9c7d42f96e9570156c65d6caaa25	0xc2d10812d1f6cb79ada0a1de639ec3b6effc9865	0x0ec9293a78e979ea9ff0a63de498806789a9d654	2000
2020	1646921686	0x0bcfc13999f832db0405511d5f69d8df4b75856387fb0ee500f8ade15e80aeb0	1	1704779807	0x99e7228c748fcf2f76b68dd42dfd723b1ec2c146f541089632cafe94b951a1fb	1058668	0x0b7007c13325c48911f73a2dad5fa5dcbf808adc	0xa0b86991c6218b36c1d19d4a2e9eb0ce3606eb48	0x17fdbb76e32a324b5c01a58c810e83e450fa0c97	0x920a1cfe7560921f14541963e305a692c6e8121a	134610930
2020	1647138076	0xb129378c00859db8709383345fb9945bab3ad2faa5a66f8e5f71ac893ff42b6f	1	1656429557	0x10d61715966615ca0d8a9dcf35cfde8c6aea5feb147c4a9f2a7f1d9dc771e773	1059309	0x97a9107c1793bc407d6f527b77e7fff4d812bece	0xbb0e17ef65f82ab018d8edd776e8dd940327b28b	0xd1328d0dbe7e04c2561d9839528a062420dca3ac	0xe0f18c4fa8f0c8aca01997529b2c78c5f342f21a	2140396286501962482
2020	1647174610	0x78446a81f21cf299dd7a7eb703239683235693f8288025ff3efd2160dea888b9	1	1656658743	0xb93370da165e2411a4bf6aa6be97ba37d9d8ad4a268dca66d7bd16ddd4c94a6a	1059420	0xa8754b9fa15fc18bb59458815510e40a12cd2014	0xcc8fa225d80b9c7d42f96e9570156c65d6caaa25	0x4f767b5e08f6c03fb61d6cdee96af0640ccb7a26	0xc8cce73bd1372ff4a449f145d654bd9d5b75458e	26886
2020	1647460789	0xe03bc6802eae60d3b74729b57db95994efde649ce59fe0b91bfe8bca7df73e44	1	1698839183	0xea5592252075c32f9763ea1e41a92ac8f462c13a573a082f6266af0e7717888f	1060355	0xa8754b9fa15fc18bb59458815510e40a12cd2014	0xcc8fa225d80b9c7d42f96e9570156c65d6caaa25	0xcc3d3e8fa489565b840d2773d53967a852be2f29	0x37439e99c10116a26539c7a6924df0b8bc6bf19e	65987
2020	1647537023	0xcb0c44805c8717b42bc9452744025c44d07ccfcce52a37939b2720a1a6e20564	1	1657527448	0x028feb0e50f4ed39a706004116304ee63dd41238d67cd8864045a905d85a328b	1060592	0x97a9107c1793bc407d6f527b77e7fff4d812bece	0xbb0e17ef65f82ab018d8edd776e8dd940327b28b	0x40870dccc044b3967f41df239d2ae829ae80ce12	0x10f27508122cd4efa515d26eea15359a058b5722	3542114762202506309
2020	1647705275	0xba8bee6ba1b9a887a54d7e7f2e5b94f73b3854d31604d8ed523b1550c74233ce	1	1707162935	0x4d52f751fb06397f41494d9293a9338bd310429df845c1ec69ed807b2d95194b	1061101	0x97a9107c1793bc407d6f527b77e7fff4d812bece	0xbb0e17ef65f82ab018d8edd776e8dd940327b28b	0xa24a62e9f4894b3888aaefac2ae1a696b0316911	0x079388e2ab883b1fc8b24d6a7b57b2f14ee21a2e	2544942695358579737
2020	1647783608	0xd3c19a0a924b863eb5f5c3b592fb2b9bc08bb877625017b4245bdeb9be61ab4b	1	1658642870	0x31050b064f2973531bdb73475070e464769cb50ac97f0136dad67de972dcdc9a	1061348	0x0b7007c13325c48911f73a2dad5fa5dcbf808adc	0xa0b86991c6218b36c1d19d4a2e9eb0ce3606eb48	0xe3f24c18104c1b46b2c45170ef48e1976881cbd6	0x88a95290168b343bdc8b9e3bade7fdc0a8f78c99	90702167
2020	1647803813	0x35421ea3b6d2547f466e332b5830546320764d5305da2243cc54af7c6005c8f7	1	1659363250	0x3b2a770b330804a714733b42eb41da71c60bef38d2d3e8b9f0b947021fd386c8	1061435	0x97a9107c1793bc407d6f527b77e7fff4d812bece	0xbb0e17ef65f82ab018d8edd776e8dd940327b28b	0xfba7ae3a70a6b65efd992fcd15cb90f35eacd0a2	0x653be8b2d8e1c368865dcfae0cb0dab55ccefaa5	5100506599959781267
2020	1647866289	0x040e2a17c2cc5ddae64e486d29bc856328ba2b167cde17dae39943c987647725	1	1656788877	0xaa155ab58ffb06303ed1e8813c966e9ae49cb423d229dea9a929c331e56b26e3	1061602	0x97a9107c1793bc407d6f527b77e7fff4d812bece	0xbb0e17ef65f82ab018d8edd776e8dd940327b28b	0x6e6e261e52cb489cddcbfc7a7299d078d388b11b	0xbedd1ba44ff232e187a54eaa8e6aec5e1f20b18a	1650754105463989682
2020	1647880540	0x01cba4c9625de2f492e633dbaaec8e95db13583aedf07c6a373c09058f22fa16	1	1667449175	0x661123df5e28d19a0ea8d25343a9adbe75cd1be42b671697ca87fcf5c0365d93	1061664	0x0b7007c13325c48911f73a2dad5fa5dcbf808adc	0xa0b86991c6218b36c1d19d4a2e9eb0ce3606eb48	0xbe096ec401c5b38b66a00cbc81806160a27360ac	0xcbdddba41af7b3c68e383e08370e23d041769062	25000000
2020	1647887320	0xacccc018244415c13ec8c670bf53b9723f832a5ca097ec5c09853c5e3fe49683	1	1687295555	0xaab926a3912caadae12a95e2d34074c54c876ff7cc46f861533275ab913ebba5	1061681	0x0b7007c13325c48911f73a2dad5fa5dcbf808adc	0xa0b86991c6218b36c1d19d4a2e9eb0ce3606eb48	0xd1d5b0bc0083b7819d799fc45b301c4432b7b15e	0xccf1e1848abbeb0ecfae1e2d32aacbba36993f66	3274569988
2020	1647898147	0x376eb4752965c9cec837bd67b73c907971b6cf517f9153801eb63c65a36653ea	1	1657383049	0x2152899e29bf58d2c05a2b0c347170da5ffc8cc96839a8966fe21057099365b4	1061704	0x0b7007c13325c48911f73a2dad5fa5dcbf808adc	0xa0b86991c6218b36c1d19d4a2e9eb0ce3606eb48	0x0e767bfd1243e8fbda789b21b71831f537d92924	0x77386cf5c0107fc2192ab8f912d85a20669faacf	40289672
2020	1648029360	0x80c8d8f01ce2a2347c29b51777585434c7e1d534f42f2bbe91c373823329f008	1	1664962415	0xbfdd67cf50e48f49ce7551cc6208cf6a9ded56db4d7832a7f478a3d71bc50b9d	1062104	0x0b7007c13325c48911f73a2dad5fa5dcbf808adc	0xa0b86991c6218b36c1d19d4a2e9eb0ce3606eb48	0xf691fb240ea5afc547c3ee82dc97a987aeb9836a	0x1ab8868207182b677cc8b90f7231affb6a23c5db	24159043
2020	1648208278	0xa5417315ab0ae54fe42cbc954cbf537e0807b6b2af518aeca9b1ea5795708680	1	1656593701	0x11b3b1f7879bd336d729d653afb91faf4197d7b07b16a2ab6f11cfd1746649c9	1062809	0x0b7007c13325c48911f73a2dad5fa5dcbf808adc	0xa0b86991c6218b36c1d19d4a2e9eb0ce3606eb48	0xab6a05af4c7abc217756f7a0faa517815e1b2fb3	0x454a2ee6f96c2095509acab9efee88fdf10e224a	604230666
2020	1648251907	0xee941cb9d052729af218f2fabcdf6c4d5a2c2432cada39503b7956a1853473e7	1	1658537062	0xab82247afdf1bc49b54563f49fde23e4ac8ac71a9a40ac3d3d74a71bd09a2adb	1063004	0xa8754b9fa15fc18bb59458815510e40a12cd2014	0xcc8fa225d80b9c7d42f96e9570156c65d6caaa25	0xf6025e0fe321e101c1efcb2748e3acb899f82578	0x1a2a1c938ce3ec39b6d47113c7955baa9dd454f2	31
2020	1648267000	0xb84a8d6a15c0c24e6241dacb16eb9c470617d4613ce35f61167b44badb022087	1	1656516019	0x4180e8417de02d6c08f2b87a12bfdf48c732e7d82c77ac02a44bb4d782ed8b90	1063049	0xa8754b9fa15fc18bb59458815510e40a12cd2014	0xcc8fa225d80b9c7d42f96e9570156c65d6caaa25	0x745cc54595986dae66eb1a601fe5d3bae6a1ad82	0x98790a0a6c2c3ada010b8584d886cd5b103c5554	5399
2020	1648268134	0x029e52c76344bab976e57974d87fa46901f8e9c69d1eff8093d86ab67e4be385	1	1658984162	0xc84dbe53928857beb5ddc4342d3ebbbb2dabb54fe86eaca27af1238f8178b46f	1063055	0xa8754b9fa15fc18bb59458815510e40a12cd2014	0xcc8fa225d80b9c7d42f96e9570156c65d6caaa25	0xccc3c1d882dcaa86bc4db70ad950355177a209fe	0x98790a0a6c2c3ada010b8584d886cd5b103c5554	22999
2020	1648330156	0xea1bb4faf7b10388cdba90f43ba76a78a418b507898ad5f4647cb0970f19de91	1	1656720836	0xf8d364ac82c017221202992ab9c166521653ab0698c56e143be2db6d047eb5a2	1063284	0x0b7007c13325c48911f73a2dad5fa5dcbf808adc	0xa0b86991c6218b36c1d19d4a2e9eb0ce3606eb48	0x191d6346eda2b375fb29947b0bf703ae30ae15d2	0x0ed8db64204aa36e15e89717dc31fec3e91597ba	70669326
2020	1648563194	0xdbcd5244ff5434d9974b6735725b95a438bbf8dd45e3234fcd18f3aac9ac666b	1	1669837727	0xfa16d96f05b6fd42bc1efef05729a54df1d5c008b5d084c09486f2afcdf67d7c	1064218	0x0b7007c13325c48911f73a2dad5fa5dcbf808adc	0xa0b86991c6218b36c1d19d4a2e9eb0ce3606eb48	0xd09bf4688d99893e6ca131d763a1fc6c0be697fb	0xa9952d7c14f3c96bd49f241a1a0113b5e5bae8e5	80042354
2020	1648568123	0x97860d0762022cb44e41f5bd88f90d4e4d77fe2451b645f4f9a0b44f13368c9d	1	1657024692	0x316185193f7f74256f06b6c7cba90e4e0013cc6f00a07249b2cb4bc186ec42ac	1064250	0x97a9107c1793bc407d6f527b77e7fff4d812bece	0xbb0e17ef65f82ab018d8edd776e8dd940327b28b	0xcd455716cb3981c9b9d31f6419f0ad03353927a7	0x30f5e65b256940e7afd5d62e8814bf17fc15e9db	2000000000000000000
2020	1648568138	0x6d88ee6433a6b4041cffab75390db0b14b84a5697d98dd688e465fb921054e3a	1	1656423918	0x87f4bbf77a7f7d1f26b29f24f9b12c12eb2d43820906d20645b1d5318f8f023f	1064251	0x97a9107c1793bc407d6f527b77e7fff4d812bece	0xbb0e17ef65f82ab018d8edd776e8dd940327b28b	0x2d6b5c78faf78f141034806dce37080496c3cdc3	0x4fd3c926c6b08b3446ec86e31ba764ae03340ddf	216262386434737321768
2020	1648568162	0x8ab0d1b4eda84a3208e0bfdb9ed730c16fe9f19d7097591825a99914107a0d76	1	1656434858	0xe85539a3731a052968a5dccbcc0f5e1bbabb6f13654810d3fdc1cb1aba8af4bc	1064252	0x97a9107c1793bc407d6f527b77e7fff4d812bece	0xbb0e17ef65f82ab018d8edd776e8dd940327b28b	0xac62f8cc615b849285151e40eabc3ac1fbf72152	0xb59cededa6e3f52e13de00e8d68704ca36ffc590	10000000000000000000
2020	1648568162	0x8ab0d1b4eda84a3208e0bfdb9ed730c16fe9f19d7097591825a99914107a0d76	1	1656434858	0xf5c4ada555fbecc2062f0166bb9b7196ac8552287a93d2ae6fd9d12f7b80ad97	1064252	0x97a9107c1793bc407d6f527b77e7fff4d812bece	0xbb0e17ef65f82ab018d8edd776e8dd940327b28b	0xac62f8cc615b849285151e40eabc3ac1fbf72152	0xb59cededa6e3f52e13de00e8d68704ca36ffc590	10000000000000000000
2020	1648568297	0x6825784f7e25255834eb9142b5fb854c1ce43fa56ccef9a7faa6aa08f2dea0ab	1	1656434858	0xe85539a3731a052968a5dccbcc0f5e1bbabb6f13654810d3fdc1cb1aba8af4bc	1064253	0x97a9107c1793bc407d6f527b77e7fff4d812bece	0xbb0e17ef65f82ab018d8edd776e8dd940327b28b	0xac62f8cc615b849285151e40eabc3ac1fbf72152	0xb59cededa6e3f52e13de00e8d68704ca36ffc590	10000000000000000000
2020	1648568297	0x6825784f7e25255834eb9142b5fb854c1ce43fa56ccef9a7faa6aa08f2dea0ab	1	1656434858	0xf5c4ada555fbecc2062f0166bb9b7196ac8552287a93d2ae6fd9d12f7b80ad97	1064253	0x97a9107c1793bc407d6f527b77e7fff4d812bece	0xbb0e17ef65f82ab018d8edd776e8dd940327b28b	0xac62f8cc615b849285151e40eabc3ac1fbf72152	0xb59cededa6e3f52e13de00e8d68704ca36ffc590	10000000000000000000
2020	1648568525	0x0f25708893bea4e1b97b78d71432883aedc5841d7444a5b10fd2adf0bbfdc61b	1	1656434890	0xcb48144826b36e85638bdb0454e7800b01ded145ca20d2244c019baa8f469aa9	1064255	0x97a9107c1793bc407d6f527b77e7fff4d812bece	0xbb0e17ef65f82ab018d8edd776e8dd940327b28b	0xac62f8cc615b849285151e40eabc3ac1fbf72152	0xb59cededa6e3f52e13de00e8d68704ca36ffc590	1000000000000000000
2020	1648568708	0x33dddfac3ec0fc33af524174beecf8bc6e8cc6dff7049bb0feda498c9f2a6c8d	1	1656487595	0xc66eed9c48d6f9a007b87f03c6b4675ad2b9cf7804851eadddcb7ead88e49099	1064256	0xa8754b9fa15fc18bb59458815510e40a12cd2014	0xcc8fa225d80b9c7d42f96e9570156c65d6caaa25	0x4c5ae70e805a7a378861bda4bdd4e12fa8dfba16	0xbf441d6d23dcb7abb6b7c654b766dbd81f610738	562153
2020	1648568756	0x5b9cb8d49137910edbc3a2db2449c970d5d7850e96282a4e60659fb1b2084354	1	1656818820	0x2f1e293392913642e34f511768c2f1308d4d81d4c5fe26c2c7c9f5c1d8dcd245	1064258	0x97a9107c1793bc407d6f527b77e7fff4d812bece	0xbb0e17ef65f82ab018d8edd776e8dd940327b28b	0x6baf2ea00b87015d73556b852126d2f4acc7cb27	0x5ff24b32f7406b75d36acc97353e601e074ee1a9	83498092819914576454
2020	1648568780	0x717788663063d87d4bacfcf97d1937af1a33fe83f2bac48c30ae7c2416acdb76	1	1657164341	0x7ebe97c583177c1c7d0a98a22b02253b436e4fc1f0bb875cd54aebafb797b22c	1064259	0xa8754b9fa15fc18bb59458815510e40a12cd2014	0xcc8fa225d80b9c7d42f96e9570156c65d6caaa25	0x6baf2ea00b87015d73556b852126d2f4acc7cb27	0x5ff24b32f7406b75d36acc97353e601e074ee1a9	112992
2020	1648568828	0xe084e8c9d1549937a05e98f2003499e330119ef02b0cd5ec754f068098c02b2d	1	1656595025	0x7f148cd65640aa21b1637c5811553cf1d983cd59bc0cb807272c82809cb3f7ca	1064261	0x97a9107c1793bc407d6f527b77e7fff4d812bece	0xbb0e17ef65f82ab018d8edd776e8dd940327b28b	0xf067d1ffd421e544912aadfa513d3f9521ea0027	0x09e2ff348d08ad0534cce3786a7497f568a4dc88	24905711139229591382
2020	1648568846	0xd957432e5df4cfb150beef412665809732aec868a120bf62ab5bfc586c701892	1	1656741105	0xd81e4c312cde34a8a48b275ae63a7bd6f3f9dad2dd485814c417e2850d58db1c	1064263	0x97a9107c1793bc407d6f527b77e7fff4d812bece	0xbb0e17ef65f82ab018d8edd776e8dd940327b28b	0xd82e037097ca7c77fc3aa1033547585cc6eb5bfe	0x51c24edadd5d125181aae839fdf29c19a7cf42f3	2000000000000000000000
2020	1648568921	0x902c3c0ce9a4373a37479f10cbd8513939460830edb185bba749e4f2651c82c4	1	1656421018	0x07bddfd5a812cad07ee6c2b7c731a37dac091456c3c5e8e7c748ec2732fda173	1064268	0x97a9107c1793bc407d6f527b77e7fff4d812bece	0xbb0e17ef65f82ab018d8edd776e8dd940327b28b	0x6c7b3caa84c7fc0574166452e4fb60c3a8820f05	0xe94ce9aa404f752abad41ddecbf82952901ebff9	3010972302164543122457
2020	1648568939	0x74914aebd623245b94b34fe3eecf31ce79506a0b97519b0dca2474c0d1ccbb4d	1	1656452423	0xb019a4432a69b1d11ecd10f516884d33ada27833e812a5a4bd6d5b1d62ad463d	1064269	0x97a9107c1793bc407d6f527b77e7fff4d812bece	0xbb0e17ef65f82ab018d8edd776e8dd940327b28b	0x91f208219c0bdb44d931404d3f1f02dfd4f351bd	0xc5171c6e3f4d527ea2c7d738a91c6e7abbd6bddd	6920000000000000000
2020	1648568975	0xdebfebf7c4c06dfba9015ba61e74c985f9c22a13eb904e015ad01d021be3e876	1	1668347567	0x6b9908b0839af5e4688125255152435477d49fb64e4f9dde4ce5d0bed8dec122	1064271	0x97a9107c1793bc407d6f527b77e7fff4d812bece	0xbb0e17ef65f82ab018d8edd776e8dd940327b28b	0xf71cf310260fe28d5d6cbdb2d1b458643c0f0312	0x8903ff5c59c48ebfd5d078da8a618776395b37c3	71000000000000000000
2020	1648568978	0xa034ba28533d5b926ac93a14143ce06362962bcdf8ba1384ebfa08a075a72c96	1	1656572163	0x9e7fe5adbf72f5cf8469a150776c8e6c864eeaa5593f7b2509c2aed654a56203	1064272	0x97a9107c1793bc407d6f527b77e7fff4d812bece	0xbb0e17ef65f82ab018d8edd776e8dd940327b28b	0x79bb0aef79493d165d0df5022af89d4ce8c2554a	0x79bb0aef79493d165d0df5022af89d4ce8c2554a	18332224178109497063217
2020	1648568999	0xb0dcd1678f82fedbb955110c6616c3af0b06a7c165bb06e9af2336758569c60a	1	1658459562	0x3d11283a194d5ff243f7c9277d4aa0cfc1678bc79273bae08d7ecfa316297cb7	1064274	0x97a9107c1793bc407d6f527b77e7fff4d812bece	0xbb0e17ef65f82ab018d8edd776e8dd940327b28b	0x2f830070055667c2909a5905bae4f22e820f4829	0x6822c4bac70bcd985aee18466d1d11afad1e07cb	32668321289237287052
2020	1648569023	0xe1bf7b53f2c7d8d4e62e4efa30a846b624b305be4492c833a8db917c2ff94a46	1	1656422891	0xef4b845c0d5f39fa4ecdad01c8f0979411318c3ebc45c79d203b163a9397c6f6	1064275	0x97a9107c1793bc407d6f527b77e7fff4d812bece	0xbb0e17ef65f82ab018d8edd776e8dd940327b28b	0x99b02491fd1a9a7a97a31d046767c08d5ccc9a1d	0x99b02491fd1a9a7a97a31d046767c08d5ccc9a1d	50000000000000000000000
2020	1648569026	0xc5b57c90f7a58979997da2909f5c996a9db89a40d331de52740aeb517aeff2b6	1	1660404570	0xf15fc62afeca71a41e1416375ac236d9f4558e7956a66bb087332936cefd7fb7	1064277	0x97a9107c1793bc407d6f527b77e7fff4d812bece	0xbb0e17ef65f82ab018d8edd776e8dd940327b28b	0xa94414e8e64c41a40b7b4583504a1d21104ec47d	0x8e4563d0d7d178de8d8bca8ea005b65a9defa7c7	45945421534406078888
2020	1648569026	0x4e6a3cdabe0009e871a1073fa7ed4b21edd2ca4ca604795e2d428320fd3f1bc3	1	1656420033	0x2a7762b4b5c679753a17a56f02a880452d6daf6b5e7dff2b57151e1e074388b2	1064276	0x97a9107c1793bc407d6f527b77e7fff4d812bece	0xbb0e17ef65f82ab018d8edd776e8dd940327b28b	0x716a068fc2031677a1bf0581af6dfdd39a2f5b36	0x711fd1c7a3b6bab47dea3491e975ac613d166612	70912114030458429081
2020	1648569035	0x281e01eae68052c9dbca1a60c1576fc81e88a781867547dde98bbb0266077c28	1	1656528726	0x31879471e103b2aedce92c5a336b5eafa126293c2def908864741b81def6b45c	1064278	0x97a9107c1793bc407d6f527b77e7fff4d812bece	0xbb0e17ef65f82ab018d8edd776e8dd940327b28b	0x722ccac0ccb16f9c28fb3680ff003dfadb29c9c5	0xe0ba8b93df00b5fa73079a6cbfe60a79436920fd	79534890103600940373
2020	1648569101	0xdf1957798b934f54d669157da53fbe6544d3de9c40b9145b3d41031e9afa0967	1	1656437194	0xa8565b5ea015acb8e310d9b52855dd6c3f516016a9a0e191653d42dfa9a36f8a	1064279	0x97a9107c1793bc407d6f527b77e7fff4d812bece	0xbb0e17ef65f82ab018d8edd776e8dd940327b28b	0xacd3af6b3c9cea661c4e7532c988a1c3477e64c4	0xacd3af6b3c9cea661c4e7532c988a1c3477e64c4	11930702621155255330
2020	1648569263	0x13b126ec86152c2d57d8391abde7d4ed1b82ed5bc3a0b274a2065e7cb2b0e800	1	1656423675	0xcda847cade90520c03a390bc01cf56848568e874d363c376af58388f27760e68	1064283	0x97a9107c1793bc407d6f527b77e7fff4d812bece	0xbb0e17ef65f82ab018d8edd776e8dd940327b28b	0xbf3a85472bbedf241d5356a237f118dac977f4b2	0x3fb8a5a9d74a7f6b1b1c8f4e2ac0d868fb0d139c	2115973169784332046640
2020	1648569269	0x846668944636f3ef67381fa897b79eb08bf471e2037160e6c6b04b39c5c9b4e1	1	1656449620	0x779d1f0b254499e19ec3b7a1329fb0ce65b2b571666e5bc9f2b6cac16194c99d	1064284	0x97a9107c1793bc407d6f527b77e7fff4d812bece	0xbb0e17ef65f82ab018d8edd776e8dd940327b28b	0x959a61fecde2b4c9361232a2ef425ce5dad1e66e	0x70d015ae0105c0995d9e20e90079c99418932dff	63000000000000000000
2020	1648569329	0xa36434728a1348498fa9ea18cb6dc516ac21fd132b6babfd998abe590a3f0b76	1	1656420213	0x8cbfa4f25e365ff97ef5cfc228b6bf8f66ebe524583e85621404e9f121473192	1064285	0x97a9107c1793bc407d6f527b77e7fff4d812bece	0xbb0e17ef65f82ab018d8edd776e8dd940327b28b	0xdef8660b69cc8336a964427bb2edc2907d7b3e8a	0xb4a3ac905164bf9e8dff4b6f04b1eab55814642a	6238992316724947849146
2020	1648569395	0x7cbba5b1a8bc3dbbe0a8519400ce3888d9bfd6631652d5fadd06875b0cf5344c	1	1665313259	0x5c900fc2ab2c17a802c21667c0f08d82b4f3ff7eca28235de7f0f3fc47598064	1064287	0x97a9107c1793bc407d6f527b77e7fff4d812bece	0xbb0e17ef65f82ab018d8edd776e8dd940327b28b	0x618e3dc0f6f745fe97c5b34be8b476e60f911cca	0x5aa5b005fbd6a10d278057e447c611d09318d7cc	1646447966865138567
2020	1648569404	0x034915a6f34e2861bb78171b9f6551b47c62a380a62fd376c13ed4ed6ca221e6	1	1656423849	0x04d4bb1d2ba9af836067c17c6e123157ec219869bfafc7320f984fd0e12f0d22	1064288	0x97a9107c1793bc407d6f527b77e7fff4d812bece	0xbb0e17ef65f82ab018d8edd776e8dd940327b28b	0x4b8bb045686c1669851d3ed067182cad1b7f0122	0x33bf70dd88f70af25d4d39e4084e401f53d45bab	33380416975851158022
2020	1648569494	0xecfe4bca338199382ffcf1c760c5a1f1ba46c14905363663861175ef3e98349d	1	1656421654	0x94cedc285e82fda422b082a6f2612c2fa95e755de306e63c0ced1d997cf59e84	1064289	0x97a9107c1793bc407d6f527b77e7fff4d812bece	0xbb0e17ef65f82ab018d8edd776e8dd940327b28b	0xa9b2330d748dc821edc49ae0d9213bbf48e4a453	0xc8253852e6eb271d71b93f32b6ee75c0bc058116	1342184972035630847351
2020	1648569515	0xd738b684eda8e81bb19a6b300349c87e0f4636117c507a242bf0fec429cb627b	1	1656422372	0xcf546b50ea255ac2b2d60673abd0b6ed9bf4438915ede63a7ff4b48dd11aeece	1064291	0x97a9107c1793bc407d6f527b77e7fff4d812bece	0xbb0e17ef65f82ab018d8edd776e8dd940327b28b	0x6b0a7629b45534f8d560f8434c70d9dddd032457	0x81d4582d3ef86ad67be65f5dcf6c949383a49ceb	510650239763211419879
2020	1648569635	0x5023a45a9d09c678f041d9531c19e43105c67c07fa2fc2be2d81844ef0c240a6	1	1656528193	0x37987918992a32913eb14f1e710e3cbd226ccabe2966b8662db04ec4219f4ff5	1064295	0x97a9107c1793bc407d6f527b77e7fff4d812bece	0xbb0e17ef65f82ab018d8edd776e8dd940327b28b	0xe6387eaaa59a8480cda30a2605553e9acfa4de52	0x21848c7225422c27b3667a82b31a8b33899f0b9a	152029482352143379506
2020	1648569875	0xcfa2bf3d5535b24f16c14b8de38efb659093f3878a429173370195bd9c4a73ba	1	1656497465	0xfdf369a2fe179bfb5042449870120171ddacbe9e26770b57127ba2df002c1e57	1064300	0xa8754b9fa15fc18bb59458815510e40a12cd2014	0xcc8fa225d80b9c7d42f96e9570156c65d6caaa25	0x4adf9dfa4d6463d9f6d4334c392158f2ba0ef58b	0xdc1ee58574170f281b3c692794b48dbfde09803f	7929
2020	1648570313	0xd06010ddb44c3d50a4a3812956a11adb2d9c51cc70de8b7ae0601a8ee994f619	1	1656421230	0x0dc5cf42441c680f6d1dda15e8f176a792d9ae256cb160656d7cd0a191d055ac	1064312	0x97a9107c1793bc407d6f527b77e7fff4d812bece	0xbb0e17ef65f82ab018d8edd776e8dd940327b28b	0x6937c38726af9892444e74a8b4b3f40203c2be40	0x4e27042366f7bb6156ad64e6dab95ca63fd2eaf3	546003100731509612709
2020	1648570331	0x996e427f98f2a38165bed4fdfe397f196922b8148638019de7f09e8cf334d39d	1	1663747943	0x040f69bd76e57216ce19e75144fdfeb3093a279158700e137cfb04f1728fb906	1064313	0x0b7007c13325c48911f73a2dad5fa5dcbf808adc	0xa0b86991c6218b36c1d19d4a2e9eb0ce3606eb48	0x3ea16d4145a8487e35923875d5f9086c7412c35f	0xc8fec39aa6e80575bafe7e7b9a8b2e15762a7175	6222147286
2020	1648570538	0xcc10b41c6f208f6115e9006a28468da520f74b3d7677c768da30e27c48950898	1	1656428883	0x0702dd9cf95f6d98c11fdb5228d30c6173578d1edc676ef2c392a296dd7824ea	1064318	0x97a9107c1793bc407d6f527b77e7fff4d812bece	0xbb0e17ef65f82ab018d8edd776e8dd940327b28b	0x012d2a7fe6c658f19e38eae3572ec4de140e8e86	0x012d2a7fe6c658f19e38eae3572ec4de140e8e86	8453021880204362597
2020	1648570628	0x677afa471d0d6bf8326bd3f568cb793077f6629b4add219454e6fc6dc5770cff	1	1656480252	0x0884ae70f8594c73bc515c6a6563e3fc7693802cc1057e91628f6ccb8433ac7f	1064321	0x97a9107c1793bc407d6f527b77e7fff4d812bece	0xbb0e17ef65f82ab018d8edd776e8dd940327b28b	0x94ce4ac92d41ebe8be427ca23ef10e47c1898c13	0xce459857c88ed886ba78cd4d330bfa51a8abcec5	369626819075073607563
2020	1648570685	0xd16517b1a46266434d64c321b2313f8910c978fb744048fdbf68f1e1deec778f	1	1656526818	0x8f452ae64e9a141e7144dc680a754d9185b2d8b77d1fa8775da0adf64a34ada3	1064323	0x97a9107c1793bc407d6f527b77e7fff4d812bece	0xbb0e17ef65f82ab018d8edd776e8dd940327b28b	0xbc0926e84763b7ddf00ebedb791f718a54812288	0xbc7de2b767fa97ea9d5ebc05a8d0c8557dcabd7b	20000000000000000000
2020	1648570685	0x8462d07b6cc4045fa4aae22f95a7b6e2c43d8fb95f179319e7f067a03f68b943	1	1686284819	0x00c89339bef88ccaa92c967586e7a89dd0daa2ecfbed7fdadeb438af47310704	1064322	0x0b7007c13325c48911f73a2dad5fa5dcbf808adc	0xa0b86991c6218b36c1d19d4a2e9eb0ce3606eb48	0xaec5f63cb3a8bd717ce26d2fbedb6945676f5018	0x2c123fc5c27888571cd525e8ae9b0c5ff848386d	1111000000
2020	1648570709	0xd1d4e0a8193747c1bd622f83b53e8183ad047629ab9e78f865e9c1eaa6722e40	1	1656420705	0xf214a028a74bfbe88260ce8985e883c1fa1fa000b621dd0d84000f0e5d94d628	1064324	0x97a9107c1793bc407d6f527b77e7fff4d812bece	0xbb0e17ef65f82ab018d8edd776e8dd940327b28b	0xc5d7614f1fb80511dad32094866f7643b782c9db	0xc5d7614f1fb80511dad32094866f7643b782c9db	229321059927828041103
2020	1648570835	0x238ef6ae4699e4b5f5adf844ead3d282797116c51f8b24a665a30ab7f84222ee	1	1656643976	0x179ac54b961a260363f3fe567ba5bbe104269b1e6c13902b821a832708fb7015	1064325	0x0b7007c13325c48911f73a2dad5fa5dcbf808adc	0xa0b86991c6218b36c1d19d4a2e9eb0ce3606eb48	0xbcd0cf5c966f3e957b7babc5cc7596784fbd103e	0xf7c12a75117640a58a74b9d94f806c9f71e8395e	5559947002
2020	1648570931	0x55844d8dd2a23cedc4e88c6bf3cdbc1798f3cdf10efb6e5c7e174a16bfeae5ce	1	1656423883	0xb1c8a078eaab146a6ab92f85e95b65d98192eb7ac7c9b99e3fdec65b9dafaa72	1064327	0x97a9107c1793bc407d6f527b77e7fff4d812bece	0xbb0e17ef65f82ab018d8edd776e8dd940327b28b	0xf6c7e9099e05f029a9f73656bfd085b6736229d0	0x0b4737461490c447dbfeb707e47ae68a92abcfbf	7835270674654273903981
2020	1648570931	0xa17fca347da0af2923ea61d4c9802648fda141efedf52793146879423aca5207	1	1656443398	0xb62c55ee71c2eb9f09b1c6f8d264f849488fcf49f5a7768f0b765879d1d20b9a	1064328	0x97a9107c1793bc407d6f527b77e7fff4d812bece	0xbb0e17ef65f82ab018d8edd776e8dd940327b28b	0x5a10a89fe6ae05c946d9192322d3215f038301e9	0x10752ae123f8f65ee7609b336c77bb941c584bba	60000000000000000000
2020	1648571012	0xf38efd3df4cb2c21f74396298533df96c7ac341ff39d186336e77367541ae2f4	1	1663595195	0xd9d55237ba93bd76e02295051d1984bdada26b0e74b1746d7e0188b18930fbe6	1064331	0x0b7007c13325c48911f73a2dad5fa5dcbf808adc	0xa0b86991c6218b36c1d19d4a2e9eb0ce3606eb48	0x676b1977342cfd9ff5b0cac8e43450427d8828bb	0x782920a2a6b5bbcc0d626bd5151d55ee495c75e2	4823169079
2020	1648571012	0x6d0d5147e65e58079437aaa97af1ff58970837a20858c85cee59f44a86159782	1	1656431572	0x6e1505ca6ab25afecb98e4d76163ce25e06f2332da014ed2e09f2acfc55878ce	1064332	0x97a9107c1793bc407d6f527b77e7fff4d812bece	0xbb0e17ef65f82ab018d8edd776e8dd940327b28b	0x96efe0ef07ba2cd5bbf9ac435373ff5937a9dca2	0x995a09ed0b24ee13fbfcfbe60cad2fb6281b479f	3253344328513069294432
2020	1648571201	0xaf2264355423d5bae4123a1e502fd625b086552de00e63e8b95956954d80ee27	1	1656423621	0x370a8f802037e9de53b3e00f1b5af88894f5bda34037f6446c4f3c7c2ee85509	1064337	0x97a9107c1793bc407d6f527b77e7fff4d812bece	0xbb0e17ef65f82ab018d8edd776e8dd940327b28b	0xe1d7c2207f1a3261db12f746fbcb79f199ee13e9	0x3c863ceb9a3a022e84a1d3b5ff81b09c751a9e9e	100000000000000000000
2020	1648571312	0xe479662e4892e8da4f774a48a3bb2313cd2a0ee9ea7f8bb8424d690f4ff1aa43	1	1656877356	0x048663b3e4f28e0186536fb2026f0a6be4e9f6d8d2df4f1b577c921d94d9fe69	1064341	0x0b7007c13325c48911f73a2dad5fa5dcbf808adc	0xa0b86991c6218b36c1d19d4a2e9eb0ce3606eb48	0xe892d074b245cff530657c14a87c9ba7e2e2fe11	0x8e150ad127dcd93c9cdad49bbdb4539f8ded2b31	343691676
2020	1648571366	0xfe505e553589025a74be53774a670aeea14fb011745507e919b8930780bbc9f9	1	1668836675	0x5d38b6fb3722c4c01eeab7f41bff97600baa368a40d7c13f2d5847c5c4a6054b	1064343	0x97a9107c1793bc407d6f527b77e7fff4d812bece	0xbb0e17ef65f82ab018d8edd776e8dd940327b28b	0x8db5cb1689addfda7beae7bd5ad0bbd550aa180f	0xac4cfd6ed91e626da2468bb9b513c0954c774449	95839158984302494949
2020	1648571387	0x6b54c693c806f31240369d0aed71ccc12702936aa7e69afbdf5f6eee1ed81dbe	1	1656575085	0x9da61d5fa4db5f497ded14f4e2337fbf53a0482831493b01bf445dd49a852353	1064344	0x97a9107c1793bc407d6f527b77e7fff4d812bece	0xbb0e17ef65f82ab018d8edd776e8dd940327b28b	0x7525edbc81b4cc382de577157cab52533224632a	0xd73eec4dad7d7a147eb6671ebb283c08f26164c5	24633245620371575180
2020	1648571654	0x96973540cf4dd4854698d27309c2f951f4421c2cfe25bc6729e36d7a694993de	1	1658252334	0x212e972e5ace817895c66eb174c0ec03cce2e3b398c9db4ad3b5b8ec6ff6c13e	1064350	0x97a9107c1793bc407d6f527b77e7fff4d812bece	0xbb0e17ef65f82ab018d8edd776e8dd940327b28b	0x8b2561603d186eb7267c7c11333e0071156dbd7e	0xb68727006f9892e8691e61d703d2bf2678456d91	32922933081095536948
2020	1648571765	0x31b85c4cf7d3161619b17b34248ab728dbe0a77daca2d6b0f2392f8dcae0b35b	1	1656421729	0x8160c934a32f8de31cec92ed155d5a45848e7d92c94930e3a04040134633b4a9	1064355	0x97a9107c1793bc407d6f527b77e7fff4d812bece	0xbb0e17ef65f82ab018d8edd776e8dd940327b28b	0xa9b2330d748dc821edc49ae0d9213bbf48e4a453	0xc8253852e6eb271d71b93f32b6ee75c0bc058116	2773040317711204666
2020	1648571813	0x54d36f92c7dbfe193c8afac795d57d03a97ca470370d2efb1318d2168d1fcb91	1	1656652375	0xa79058b3ae889a8d5a3439eff0598c5695383a2d7bc3ccc7c92113ed3e8a4672	1064357	0x97a9107c1793bc407d6f527b77e7fff4d812bece	0xbb0e17ef65f82ab018d8edd776e8dd940327b28b	0x9672d4b900934e0597eda30a51888aecea75fc38	0x5b5274b4854d40755e903260a1eebfeb966fc4a8	147241192305901159344
2020	1648571858	0xa4776bb7cc5f991a319ee8e0155020b77f8684fb5164f0713bf1de660179c0f0	1	1668231347	0x4950cb4b727934df721851dbb4fa3c5b5181021b50f4aff62a79319bcddf0cb4	1064359	0xa8754b9fa15fc18bb59458815510e40a12cd2014	0xcc8fa225d80b9c7d42f96e9570156c65d6caaa25	0x8a0276170eb758de9fd7b6daf5660614757c438f	0x5c56832be0e3520ee09156a380152d8e809dc66d	8
2020	1648572089	0x557990c44a796f5224375d7eaa224f2745a8e357d2c4e3fe6a9325aceeb3ef3c	1	1665244439	0x1e635d9e874417016085bfafe534af357d3e123200c9b11eb0d98d8a2ce187f5	1064368	0x97a9107c1793bc407d6f527b77e7fff4d812bece	0xbb0e17ef65f82ab018d8edd776e8dd940327b28b	0x094076d46462813eca7fbc4adb8b3f232b735730	0x257f99fd962db35704a3ed32523eede0f6b04fa6	22544804098215583580
2020	1648572218	0x225d6bd255b90745b7f01525fd1d440e4bbdffd1e69a59d2fb0bada75553aea5	1	1656483189	0x0f9ef88cc6cc133a6f3675d3dc1919ec4dbc151a9bedfe74ff3e605d3f023bcf	1064369	0x97a9107c1793bc407d6f527b77e7fff4d812bece	0xbb0e17ef65f82ab018d8edd776e8dd940327b28b	0x5ef90770ac525cf69331540e2ec4d390646b7058	0x9cd23dd430d9d112452afa609d390b25c02f0ed2	125128464286743567273
2020	1648572452	0xdf13300827c22468ede69beb218169039c47301a8a692cbec9325e9e43adfa7a	1	1658213368	0x14cb68a35b33cd99495faba84c2aec8928cf0b60fd569fea85eb0c55dc11f140	1064375	0x0b7007c13325c48911f73a2dad5fa5dcbf808adc	0xa0b86991c6218b36c1d19d4a2e9eb0ce3606eb48	0x8eabc167806c35c0db69d6b5d43be7fa11a63bbb	0x22014722f748564486414ec1c73c70f6c6484e3d	50000000
2020	1648572452	0xdf13300827c22468ede69beb218169039c47301a8a692cbec9325e9e43adfa7a	1	1658213524	0xc016248becb20e48b8a14883dc1735e4700f4cc925c487c4336cc2de88ceb32a	1064375	0x0b7007c13325c48911f73a2dad5fa5dcbf808adc	0xa0b86991c6218b36c1d19d4a2e9eb0ce3606eb48	0x8eabc167806c35c0db69d6b5d43be7fa11a63bbb	0x22014722f748564486414ec1c73c70f6c6484e3d	50000000
2020	1648572494	0xc243af418c502bda8b5e5b9c5140b4b31cf5621a89ba6691fc325b3ce4172ac4	1	1656732226	0xf58d17135a11bf3858e33bbf048cd17bdc09e72efe13553e2b803704cb84f25c	1064378	0x97a9107c1793bc407d6f527b77e7fff4d812bece	0xbb0e17ef65f82ab018d8edd776e8dd940327b28b	0x68de2780c34e702f122919f9619599525428f6e0	0xc2ea113c212e265f2ce672e15fc97dc9b39b83b3	7995458801395377384
2020	1648572509	0xd737448c352ea17fadf6d48827b267a0a6aacc170c97ddeae860a9b0aa452e8f	1	1656687385	0x6255e79b3a18499bc38e38a445210e4069963a39851a3f0e02be964e9a1c2b32	1064379	0x97a9107c1793bc407d6f527b77e7fff4d812bece	0xbb0e17ef65f82ab018d8edd776e8dd940327b28b	0x51fe9e856a279d53545790924f55bd6583d0c3c5	0xa31eefc81fc5ef55a54eb035aa4b56717f1e0228	1000000000000000000
2020	1648572626	0xa54184224d36521218af1634e1581cd839973fd8d396290051772184c97a5e0e	1	1656450749	0x3e50ed530879529e15c0a05e02167a92d1de04ba29abe8bf89ea62abffe7369c	1064383	0x97a9107c1793bc407d6f527b77e7fff4d812bece	0xbb0e17ef65f82ab018d8edd776e8dd940327b28b	0x9cb8c1463471ee4d8dd6887035f4835a1745e92a	0x9cb8c1463471ee4d8dd6887035f4835a1745e92a	2143971897977543467576
2020	1648572683	0xca637f265ba18c11e6bf7c08484cceee789a11586f83ced18c37074dec2ce6ea	1	1658213368	0x14cb68a35b33cd99495faba84c2aec8928cf0b60fd569fea85eb0c55dc11f140	1064386	0x0b7007c13325c48911f73a2dad5fa5dcbf808adc	0xa0b86991c6218b36c1d19d4a2e9eb0ce3606eb48	0x8eabc167806c35c0db69d6b5d43be7fa11a63bbb	0x22014722f748564486414ec1c73c70f6c6484e3d	50000000
2020	1648572683	0xca637f265ba18c11e6bf7c08484cceee789a11586f83ced18c37074dec2ce6ea	1	1658213524	0xc016248becb20e48b8a14883dc1735e4700f4cc925c487c4336cc2de88ceb32a	1064386	0x0b7007c13325c48911f73a2dad5fa5dcbf808adc	0xa0b86991c6218b36c1d19d4a2e9eb0ce3606eb48	0x8eabc167806c35c0db69d6b5d43be7fa11a63bbb	0x22014722f748564486414ec1c73c70f6c6484e3d	50000000
2020	1648572926	0x484b72f2d04fe63208f58a0f8874a9d947b8637c25dad933603af3b67a36a444	1	1656730478	0x3940f51dbc483b3af6a5136b746812c6c257f178daee63673d61ad55547a339a	1064394	0x0b7007c13325c48911f73a2dad5fa5dcbf808adc	0xa0b86991c6218b36c1d19d4a2e9eb0ce3606eb48	0xc81c0dfbc048b478e70f3c74a1cae7cce1436748	0x0f3e693761fa632c10ac9f7ee70c79b8d6dba064	3101554526
2020	1648573229	0x2241628efc13a687b668452970145b7301da2960290d329ae2ea791df1c99522	1	1656513398	0x48bbc84f5cb4aaa8a4bc166cd346020a1861df9dc4f4f7373aa7eaf24542877e	1064401	0x97a9107c1793bc407d6f527b77e7fff4d812bece	0xbb0e17ef65f82ab018d8edd776e8dd940327b28b	0x8df81db555c294b506d0730b06d6e8bdc6b090ca	0x6c4d1d5150e1da182e58d5f765f0f4b731eabb8d	654815884643264770052
2020	1648573319	0x23e4719b6b2ab79e23678d6db3c8d4d488fe3db6b4a896dc1b5a94880b295758	1	1656583531	0x82f261b4d8fb5af5d3a7a9ece830d1fecff83b7b9c834dcd14f93156d2838197	1064402	0x97a9107c1793bc407d6f527b77e7fff4d812bece	0xbb0e17ef65f82ab018d8edd776e8dd940327b28b	0x0c8944a5697ac08249463daef006aaaf3aad4568	0xa1bb077404295bf7b566ad3fafe4625cce4b7d49	23006297036160280536
2020	1648573373	0x18005cec8d805c00bea9db652f24c53762d1d17afcde59764335394666b164e7	1	1677390119	0xc4cf03be3a7c48a0529a25dfd2e26fef4db6cbc7a79ac242045ea72992e8ae1d	1064404	0x97a9107c1793bc407d6f527b77e7fff4d812bece	0xbb0e17ef65f82ab018d8edd776e8dd940327b28b	0xfd7c38ae47fb020c402930e1fa99edae1701ce99	0x63829495087ed5524a8cd1868f6d1ae73d741880	23678095523000411610
2020	1648573949	0x95b88555370abd8fac8388089633a4a2d8ae10676502fc3da9a9ed832dd098d7	1	1670516087	0x74fe025d99cd08327f4cdcd3204ec980da9200c07bcca9dfda837a07ed9a9fe9	1064415	0x97a9107c1793bc407d6f527b77e7fff4d812bece	0xbb0e17ef65f82ab018d8edd776e8dd940327b28b	0x8641f5ca4d18284eff2a566931aedd83065ed0c8	0xebf961dafdd4d634fddec0a8223b9d6d38d7a9b0	1000000000000000000
2020	1648573949	0x95b88555370abd8fac8388089633a4a2d8ae10676502fc3da9a9ed832dd098d7	1	1670516087	0x2a8c8e2ad2f2c4cbfe48707219f51a66aa031388ef99ac4d462774c42341be3a	1064415	0x97a9107c1793bc407d6f527b77e7fff4d812bece	0xbb0e17ef65f82ab018d8edd776e8dd940327b28b	0x8641f5ca4d18284eff2a566931aedd83065ed0c8	0xebf961dafdd4d634fddec0a8223b9d6d38d7a9b0	1000000000000000000
2020	1648574078	0x2a88e5bcef48e237f6d5feb9b4c73d14f91c1388134272de77bc5b2fe174867e	1	1657547177	0x328f148a2b89d200a31a6a406a11b418933f81af1165fc2ab0f942c5ab54439f	1064419	0x97a9107c1793bc407d6f527b77e7fff4d812bece	0xbb0e17ef65f82ab018d8edd776e8dd940327b28b	0xef7481fa81e3f4644ed9f6ea97b6a6701229e797	0xda664e32af82d1f96933acecdacb9395977eed64	19397483819571621878
2020	1648574414	0xd32f9b5b5ebec59bf3d8730cd1e8c5b79e682f42fc9ef04ebff4f1b5f202d130	1	1663069659	0x7ccc4c2f65740e08ef4091a5bb019dd397faf7b409e76c4d35a5d22836ed5435	1064429	0x97a9107c1793bc407d6f527b77e7fff4d812bece	0xbb0e17ef65f82ab018d8edd776e8dd940327b28b	0x4d45ec5e34c4b4c111d87dde10a0574327330600	0x965cce1073c16ffa1c014a02a4e4335a3894b90f	61163000272663968706
2020	1648574486	0x506248dad09d81dc03b7fbb61582d3a1ad3c3ec4b88a58f6ea45424c1efebd2b	1	1670516087	0x74fe025d99cd08327f4cdcd3204ec980da9200c07bcca9dfda837a07ed9a9fe9	1064432	0x97a9107c1793bc407d6f527b77e7fff4d812bece	0xbb0e17ef65f82ab018d8edd776e8dd940327b28b	0x7864433fa89ee1effaf3a1ae99ab42e3370ce303	0xebf961dafdd4d634fddec0a8223b9d6d38d7a9b0	1000000000000000000
2020	1648574486	0x506248dad09d81dc03b7fbb61582d3a1ad3c3ec4b88a58f6ea45424c1efebd2b	1	1670516087	0x2a8c8e2ad2f2c4cbfe48707219f51a66aa031388ef99ac4d462774c42341be3a	1064432	0x97a9107c1793bc407d6f527b77e7fff4d812bece	0xbb0e17ef65f82ab018d8edd776e8dd940327b28b	0x7864433fa89ee1effaf3a1ae99ab42e3370ce303	0xebf961dafdd4d634fddec0a8223b9d6d38d7a9b0	1000000000000000000
2020	1648574819	0x0e7bb9bec24a8639653540cc60efc21b38ec13fe2dafaa6b8854bbfe1696b474	1	1656430944	0x9c1f972d9b3eb27b6aecc2ac05f5810e6e3c88c2175b37444455f7aaa1703001	1064439	0x97a9107c1793bc407d6f527b77e7fff4d812bece	0xbb0e17ef65f82ab018d8edd776e8dd940327b28b	0x117894e3068ca454c60bfac58107579a951635e8	0x0403479bfefe8eedcc662b9c6be459004b177f14	140866367385016596122
2020	1648574834	0x3fc183b572a0487ab729156be24ba2f3b0cd0ad07ec10ffbc5df004772c31547	1	1656432341	0x03d235c2a565cf92794c369f3dce9aff04b40933172af903e093c7321ac273a5	1064440	0x97a9107c1793bc407d6f527b77e7fff4d812bece	0xbb0e17ef65f82ab018d8edd776e8dd940327b28b	0x2c70bf74e19aa9bba1fcba1fbc269595082650bb	0x04f82e9b3a3a274f1cb34085824191a0a36f1cea	598921945529587596664
2020	1648575224	0x81da99c7fba6c9e10041fcfa185ce339648274364e593343beabf6942a508845	1	1656453277	0x8ab3ec2657eb846fdb48276506b8a1fca0643daf7ccf7f35c45cc888797bb9ac	1064450	0xa8754b9fa15fc18bb59458815510e40a12cd2014	0xcc8fa225d80b9c7d42f96e9570156c65d6caaa25	0x841146191a88ad766e4c7dbcba31bd848d01583c	0xf48379d86152e3b37d19fdf20cf8203a695b4028	47297
2020	1648576010	0x7a929869cdc7953359b12ee3017e04b7da0c12277bd0928eeba9dd6729ed0434	1	1656769855	0x77420abb07b22dca7888fed4e73665998779361d22439bcbaf12501301478b41	1064467	0x97a9107c1793bc407d6f527b77e7fff4d812bece	0xbb0e17ef65f82ab018d8edd776e8dd940327b28b	0x829a1707113acbf47e8c6496d0dfd5b5ca2cb961	0x490e90676b7e880e0d508ccdcdf87ea5745565dd	77279206810236929906
2020	1648576160	0xadda620742e45c0a038c3d4372147d2e4f40a1c3878790be67963bb4f12fb41b	1	1656426060	0xdad82f12b6e65f17e1f85a8d706c9623c53b2681aec7ce6f468461f20b9d1597	1064468	0x97a9107c1793bc407d6f527b77e7fff4d812bece	0xbb0e17ef65f82ab018d8edd776e8dd940327b28b	0x6aa7dc62e3de6a07db15bd5be5db72af8fb1fa4a	0x552c4eb5f35851102e13ece4f59b48aa6a499bae	3000000000000000000
2020	1648576919	0xe6cf369d55b8143edf7319e8e2751fc8ef7843162d4e8a32e22c88d7a6b30b24	1	1658897696	0x983abefd28fd3f04a108a4be1fbbc4b17fbd5b6a070566112348873e5f5b9c68	1064476	0x97a9107c1793bc407d6f527b77e7fff4d812bece	0xbb0e17ef65f82ab018d8edd776e8dd940327b28b	0xf5962a8031c225f1bca43e060eceba6adf4fd5cc	0xcb895d3fadc92785acd0ee4ed3e63b740c8fcf82	60250963783923953009
2020	1648576973	0xfa48c3501978566884df07765d2cc36d27a775dacfb8d060074d9ec32f5dac95	1	1692040295	0x79a0796d3186995551263687cb4bb6da7738cfc329ff7b4e1871d719d8dc7825	1064477	0x0b7007c13325c48911f73a2dad5fa5dcbf808adc	0xa0b86991c6218b36c1d19d4a2e9eb0ce3606eb48	0x0d2d4536d796348189925cb3781ff3337e0c1667	0xaeb1403a564e673c4a1fc8036acef7d85f994482	500000000
2020	1648578490	0xdb33188a5ee56c90b8d5cbc206dbcf4e68c01fb527e712827e678545a725cab8	1	1656424005	0x949000d14d4f1b003bf465185463c8f9e95d3c7fc86436ed9f819ae37f4447cd	1064485	0x97a9107c1793bc407d6f527b77e7fff4d812bece	0xbb0e17ef65f82ab018d8edd776e8dd940327b28b	0xd5db0efb750b20c435be74112376da41e62fda41	0xc55eac912227ee228e6e63867ea3a2bc9bb3d3f1	30000000000000000000
2020	1648584579	0x42f9c311f9a863d737964558087396be1529aa8fcd51898c4190154de860ebd5	1	1658197144	0x65eeead14d12150483cada7a1f9fc4d9311b08755b482a01c2766603d445be16	1064490	0x97a9107c1793bc407d6f527b77e7fff4d812bece	0xbb0e17ef65f82ab018d8edd776e8dd940327b28b	0x43af65a9b798d2d20e0dcbf0c516a1f1f2460956	0x3c57fd940608b0a087cbfe30fa8ab32578405842	313391420197699461342
2020	1649428142	0xe36cff97f455bb78b3ac63576e7571c67872e5b3f05d6eca6a8968d77c65b4c2	1	1656471913	0x2bdbf6492e50b300b82c067e46d2be6f5350f83ef794834af430050c785b778e	1064496	0xa8754b9fa15fc18bb59458815510e40a12cd2014	0xcc8fa225d80b9c7d42f96e9570156c65d6caaa25	0xd59ca31c0992aaaa5cd64712570c65ddc46d75fa	0xa86c7b1253884eebc7472b43cc5a5b404fc7075f	133939
2020	1649939012	0xb3ff49cc84222857faba4f3a93c7e238a37ad315d0eee7538a1fee059597af3a	1	1656458912	0x5ed1a12447e26b96799041b7cad406d1c218d10abc7d579f13f2475f555d68a4	1064497	0x97a9107c1793bc407d6f527b77e7fff4d812bece	0xbb0e17ef65f82ab018d8edd776e8dd940327b28b	0x9203deb57b0369f051ba2a351addc5f78e08989e	0x1391c4c4e845d0e5ae0f80d7072389b4d1d8b064	157100674693769702910
2020	1650803412	0xaf0964bcbf9ffc5282bdff746ee8faf87758afc5b40d828a905be8e91f17cf99	1	1695206483	0xe3698bf6393d2d90bf04a3100f10da67a251e05d0b773e9ef3db8851d8629324	1064498	0x0b7007c13325c48911f73a2dad5fa5dcbf808adc	0xa0b86991c6218b36c1d19d4a2e9eb0ce3606eb48	0x9f9053bd9707995a7be5689965b52a39cff94ca7	0xc45230120f7f4642b27b6b48197e4f6934bbc349	2725346212
