Transaction Hash,Status,Method,Blockno,DateTime (UTC),From,From_Nametag,To,To_Nametag,Value,Txn Fee
"0x506eade9099ac503bc678a4dd1cdc32d4207cb23aaedb0109ab32c2ac45aab08","Error in Main Txn : execution reverted","Update","16113466","2022-12-04 19:15:59","0x10121cb2b3f64f0a6231178336aca3e3b87d5ca5","","0x049b51e531fd8f90da6d92ea83dc4125002f20ef","","0 ETH","0.00063608"
"0xad5972268f6cfc40cb59726d8f06eb072bbf10572f8d994c5b2d22e45569ac91","Error in Main Txn : execution reverted","Update","16113454","2022-12-04 19:13:35","0x10121cb2b3f64f0a6231178336aca3e3b87d5ca5","","0x049b51e531fd8f90da6d92ea83dc4125002f20ef","","0 ETH","0.00071929"
"0x6a130d3f46246c0fc08a592879503481864b0ba74f59f9c3bfcd3b610980c745","Error in Main Txn : execution reverted","Update","16113442","2022-12-04 19:11:11","0x10121cb2b3f64f0a6231178336aca3e3b87d5ca5","","0x049b51e531fd8f90da6d92ea83dc4125002f20ef","","0 ETH","0.00072933"
"0x06e55973b709db0806c439ec5389a791276e5d01738db5370b969b7975ac7bac","Error in Main Txn : execution reverted","Update","16113431","2022-12-04 19:08:47","0x10121cb2b3f64f0a6231178336aca3e3b87d5ca5","","0x049b51e531fd8f90da6d92ea83dc4125002f20ef","","0 ETH","0.00076136"
"0xb2aa83a515eedc07d334c55f70d794abca7480a7ee8386a6b293b8562d4a83f6","Error in Main Txn : execution reverted","Update","16113420","2022-12-04 19:06:23","0x10121cb2b3f64f0a6231178336aca3e3b87d5ca5","","0x049b51e531fd8f90da6d92ea83dc4125002f20ef","","0 ETH","0.00085255"
"0x209ecdcc362863d32a1b2d4a069cd53c83dd4815de77ad65575e6d0da5ece434","Error in Main Txn : execution reverted","Update","16113409","2022-12-04 19:03:59","0x10121cb2b3f64f0a6231178336aca3e3b87d5ca5","","0x049b51e531fd8f90da6d92ea83dc4125002f20ef","","0 ETH","0.00076807"
"0x82f843138a94a7a41369b781de12076003a31c66072bfc44c3f1ab0f8d0ca9b4","Error in Main Txn : execution reverted","Update","16113397","2022-12-04 19:01:35","0x10121cb2b3f64f0a6231178336aca3e3b87d5ca5","","0x049b51e531fd8f90da6d92ea83dc4125002f20ef","","0 ETH","0.00076202"
"0xcf75a528fba863e377fe3b0b29cad0db42c08b9ff016590a5b28acfd225c838a","Error in Main Txn : execution reverted","Update","16113385","2022-12-04 18:59:11","0x10121cb2b3f64f0a6231178336aca3e3b87d5ca5","","0x049b51e531fd8f90da6d92ea83dc4125002f20ef","","0 ETH","0.00073705"
"0x7b3b8a484de07ca363e014a840eb9444a603171cd7846bfdda21fcf39092cb82","Error in Main Txn : execution reverted","Update","16113373","2022-12-04 18:56:47","0x10121cb2b3f64f0a6231178336aca3e3b87d5ca5","","0x049b51e531fd8f90da6d92ea83dc4125002f20ef","","0 ETH","0.00076188"
"0xa3a1f7144720930373492178482a37d21229c3eb310fc9c96fe3dad8dc0c0769","Error in Main Txn : execution reverted","Update","16113361","2022-12-04 18:54:23","0x10121cb2b3f64f0a6231178336aca3e3b87d5ca5","","0x049b51e531fd8f90da6d92ea83dc4125002f20ef","","0 ETH","0.00066163"
"0x98c8ba43ff4d5ae100fe16b97e2a4a2d67b580783db329c8a57d122cafbb6907","Error in Main Txn : execution reverted","Update","16113349","2022-12-04 18:51:59","0x10121cb2b3f64f0a6231178336aca3e3b87d5ca5","","0x049b51e531fd8f90da6d92ea83dc4125002f20ef","","0 ETH","0.00076746"
"0xa2e8a961c02347e8c58d22112b6b08b81e23ee5dd9f25509e52f042210f79e2a","Error in Main Txn : execution reverted","Update","16113337","2022-12-04 18:49:35","0x10121cb2b3f64f0a6231178336aca3e3b87d5ca5","","0x049b51e531fd8f90da6d92ea83dc4125002f20ef","","0 ETH","0.00074554"
"0xd16d443520b619c65b001d4a1b13e05661cad66419de9732bf0f1a4c0414d7dc","Error in Main Txn : execution reverted","Update","16113325","2022-12-04 18:47:11","0x10121cb2b3f64f0a6231178336aca3e3b87d5ca5","","0x049b51e531fd8f90da6d92ea83dc4125002f20ef","","0 ETH","0.00089022"
"0xb3c985955c05cd614fb5d638f791f8f53042e8dcae1831fae9a4b0ac35b25d4b","Error in Main Txn : execution reverted","Update","16113314","2022-12-04 18:44:59","0x10121cb2b3f64f0a6231178336aca3e3b87d5ca5","","0x049b51e531fd8f90da6d92ea83dc4125002f20ef","","0 ETH","0.0007531"
"0x27b5d5f5b5245997a667ca66c0b1b99fc4a44b79b09a09502c57151e0e4ac79b","Error in Main Txn : execution reverted","Update","16113302","2022-12-04 18:42:35","0x10121cb2b3f64f0a6231178336aca3e3b87d5ca5","","0x049b51e531fd8f90da6d92ea83dc4125002f20ef","","0 ETH","0.00069796"
"0xa42007ab18d871bdd2ff17c685ed35a122b3bc327d73a572d7091c6cda48d889","Error in Main Txn : execution reverted","Update","16113290","2022-12-04 18:40:11","0x10121cb2b3f64f0a6231178336aca3e3b87d5ca5","","0x049b51e531fd8f90da6d92ea83dc4125002f20ef","","0 ETH","0.00075165"
"0x8ab4877e369747eaeec1d8b133653e7615114e5cd16cbcad1fe95997a8a33022","Error in Main Txn : execution reverted","Update","16113278","2022-12-04 18:37:47","0x10121cb2b3f64f0a6231178336aca3e3b87d5ca5","","0x049b51e531fd8f90da6d92ea83dc4125002f20ef","","0 ETH","0.00083288"
"0xa07b04ad7c1f6ef1be8109ec5be2734df282ae5aac3d9cf6ece620c41507682a","Error in Main Txn : execution reverted","Update","16113266","2022-12-04 18:35:23","0x10121cb2b3f64f0a6231178336aca3e3b87d5ca5","","0x049b51e531fd8f90da6d92ea83dc4125002f20ef","","0 ETH","0.00084728"
"0x32decaf1e85d26ff58c1d29244125b18e081f599fce25bc404a1fa15e2958d2f","Error in Main Txn : execution reverted","Update","16113254","2022-12-04 18:32:59","0x10121cb2b3f64f0a6231178336aca3e3b87d5ca5","","0x049b51e531fd8f90da6d92ea83dc4125002f20ef","","0 ETH","0.00080026"
"0x3a64dfc5b8cf25b1f068d6499ccb70e127f166c36759cbe769c1b94a37c6f085","Error in Main Txn : execution reverted","Update","16113242","2022-12-04 18:30:35","0x10121cb2b3f64f0a6231178336aca3e3b87d5ca5","","0x049b51e531fd8f90da6d92ea83dc4125002f20ef","","0 ETH","0.00079092"
"0x1c7326455130c09e922016447c4e7052051683636505f538c7b01a6ea6ca9a0e","Error in Main Txn : execution reverted","Update","16113230","2022-12-04 18:28:11","0x10121cb2b3f64f0a6231178336aca3e3b87d5ca5","","0x049b51e531fd8f90da6d92ea83dc4125002f20ef","","0 ETH","0.00079455"
"0x93437a32a90bf7fa6e5845da0d380cf838684dfc67d2d7570a21a9bd36c60c7f","Error in Main Txn : execution reverted","Update","16113219","2022-12-04 18:25:47","0x10121cb2b3f64f0a6231178336aca3e3b87d5ca5","","0x049b51e531fd8f90da6d92ea83dc4125002f20ef","","0 ETH","0.00090676"
"0x156ea0bfb3367d2c8521a8f0ca3e73f48d3d19d4af99073113f6a586348276e6","Error in Main Txn : execution reverted","Update","16113207","2022-12-04 18:23:23","0x10121cb2b3f64f0a6231178336aca3e3b87d5ca5","","0x049b51e531fd8f90da6d92ea83dc4125002f20ef","","0 ETH","0.00094205"
"0x33d5b78d33831bb99c5f5411a3932ec1ff8b55e6e3740b4bc9f3b1225d11c4f7","Error in Main Txn : execution reverted","Update","16113195","2022-12-04 18:20:59","0x10121cb2b3f64f0a6231178336aca3e3b87d5ca5","","0x049b51e531fd8f90da6d92ea83dc4125002f20ef","","0 ETH","0.00087854"
"0x0c9a78f361e0a20c35aacec4ff1c3b489a4e6c774eecdf1f4376c8092b944b25","Error in Main Txn : execution reverted","Update","16113183","2022-12-04 18:18:35","0x10121cb2b3f64f0a6231178336aca3e3b87d5ca5","","0x049b51e531fd8f90da6d92ea83dc4125002f20ef","","0 ETH","0.00111663"
"0xa79417c865bf0ae307776940205700becf21fa992a4dded8125233d62a268258","Error in Main Txn : execution reverted","Update","16113171","2022-12-04 18:16:11","0x10121cb2b3f64f0a6231178336aca3e3b87d5ca5","","0x049b51e531fd8f90da6d92ea83dc4125002f20ef","","0 ETH","0.00093721"
"0xce725a6c0457ef0abe6578528161b2129a5ae1fa3bf022dcfd720eba7a8e482f","Error in Main Txn : execution reverted","Update","16113159","2022-12-04 18:13:47","0x10121cb2b3f64f0a6231178336aca3e3b87d5ca5","","0x049b51e531fd8f90da6d92ea83dc4125002f20ef","","0 ETH","0.00071635"
"0x82ee9aa72957b45f4b3caf3193414a2de504b367272245d9a36a1ac765c626a6","Error in Main Txn : execution reverted","Update","16113147","2022-12-04 18:11:23","0x10121cb2b3f64f0a6231178336aca3e3b87d5ca5","","0x049b51e531fd8f90da6d92ea83dc4125002f20ef","","0 ETH","0.000742"
"0x7bd2e19e2d432acca5297a2448cd9be7792842155beabd43b38246e939c617c4","Error in Main Txn : execution reverted","Update","16113135","2022-12-04 18:08:59","0x10121cb2b3f64f0a6231178336aca3e3b87d5ca5","","0x049b51e531fd8f90da6d92ea83dc4125002f20ef","","0 ETH","0.00074221"
"0x7649a461eee8ec1197756afecc25e0b1564ac6aef90252d3d864d3f41d97a3d7","Error in Main Txn : execution reverted","Update","16113123","2022-12-04 18:06:35","0x10121cb2b3f64f0a6231178336aca3e3b87d5ca5","","0x049b51e531fd8f90da6d92ea83dc4125002f20ef","","0 ETH","0.00086447"
"0xefb34176cd94a609c6013640b078ae935f19177064e8f0d246847273314e086c","Error in Main Txn : execution reverted","Update","16113111","2022-12-04 18:04:11","0x10121cb2b3f64f0a6231178336aca3e3b87d5ca5","","0x049b51e531fd8f90da6d92ea83dc4125002f20ef","","0 ETH","0.00100541"
"0x62cd9e06e1ee3d58074a737650ff23d0ed673c0ca27b98ffd7d2c13b93e76db7","Error in Main Txn : execution reverted","Update","16113099","2022-12-04 18:01:47","0x10121cb2b3f64f0a6231178336aca3e3b87d5ca5","","0x049b51e531fd8f90da6d92ea83dc4125002f20ef","","0 ETH","0.00100332"
"0x2d3288141ef01f3bab1e956bbcefc4d9eb744e17b9ed109cf3c4c2e69f919632","Error in Main Txn : execution reverted","Update","16113087","2022-12-04 17:59:23","0x10121cb2b3f64f0a6231178336aca3e3b87d5ca5","","0x049b51e531fd8f90da6d92ea83dc4125002f20ef","","0 ETH","0.0007171"
"0x36872531d3a4b6391cf7501b1959592ac953427f8459b806f279ab0af2f0d57b","Error in Main Txn : execution reverted","Update","16113075","2022-12-04 17:56:59","0x10121cb2b3f64f0a6231178336aca3e3b87d5ca5","","0x049b51e531fd8f90da6d92ea83dc4125002f20ef","","0 ETH","0.00065356"
"0xf4a783b0cf0f6e818a4a0d8247c1307f3680151a083f5943a2b4df8f211fb829","Error in Main Txn : execution reverted","Update","16113063","2022-12-04 17:54:35","0x10121cb2b3f64f0a6231178336aca3e3b87d5ca5","","0x049b51e531fd8f90da6d92ea83dc4125002f20ef","","0 ETH","0.00069836"
"0x24ccc82c1dcdebcc9435d9e3184b9f30cbeb65646c279c30732290abc3e97a21","Error in Main Txn : execution reverted","Update","16113051","2022-12-04 17:52:11","0x10121cb2b3f64f0a6231178336aca3e3b87d5ca5","","0x049b51e531fd8f90da6d92ea83dc4125002f20ef","","0 ETH","0.00065517"
"0x12d95ad8b804751239dfb2fdb1b39056263812b63c879bab0e9a83794e366905","Error in Main Txn : execution reverted","Update","16113039","2022-12-04 17:49:47","0x10121cb2b3f64f0a6231178336aca3e3b87d5ca5","","0x049b51e531fd8f90da6d92ea83dc4125002f20ef","","0 ETH","0.00068024"
"0x4c36b61e425d859dc0a1d7a2f1f8844f122aa5ceb8ebea7e06eb236d7576306a","Error in Main Txn : execution reverted","Update","16113027","2022-12-04 17:47:23","0x10121cb2b3f64f0a6231178336aca3e3b87d5ca5","","0x049b51e531fd8f90da6d92ea83dc4125002f20ef","","0 ETH","0.00068398"
"0x4cd0d9f82b836ed98ab4d74fcefaa77beb58d646a9d4c70c7e48ec01cb6ee96e","Error in Main Txn : execution reverted","Update","16113015","2022-12-04 17:44:59","0x10121cb2b3f64f0a6231178336aca3e3b87d5ca5","","0x049b51e531fd8f90da6d92ea83dc4125002f20ef","","0 ETH","0.00070585"
"0x02e6ea86e98770f5c34eca720aa5fd2bf52a3f0cfac2907293f4ebad934b70be","Error in Main Txn : execution reverted","Update","16113003","2022-12-04 17:42:35","0x10121cb2b3f64f0a6231178336aca3e3b87d5ca5","","0x049b51e531fd8f90da6d92ea83dc4125002f20ef","","0 ETH","0.00074995"
"0x18b13a49b1dd171a2516422b0f3fa0cde5120602e542ab1647f3c9826f41ed12","Error in Main Txn : execution reverted","Update","16112990","2022-12-04 17:39:59","0x10121cb2b3f64f0a6231178336aca3e3b87d5ca5","","0x049b51e531fd8f90da6d92ea83dc4125002f20ef","","0 ETH","0.00078204"
"0x0192b380bf171d6dcec7e57bf3c6f61b76e4ba6b8e8f31c3c7bf05e82eb10742","Error in Main Txn : execution reverted","Update","16112978","2022-12-04 17:37:35","0x10121cb2b3f64f0a6231178336aca3e3b87d5ca5","","0x049b51e531fd8f90da6d92ea83dc4125002f20ef","","0 ETH","0.0007996"
"0xefb2cae44081eb310d73f7c5eac5bdd4d89b9cf2c8ec67539778fab77284b3f6","Error in Main Txn : execution reverted","Update","16112966","2022-12-04 17:35:11","0x10121cb2b3f64f0a6231178336aca3e3b87d5ca5","","0x049b51e531fd8f90da6d92ea83dc4125002f20ef","","0 ETH","0.00071553"
"0x8ca1ce6f6e5e7020b41c1bfc36ecdd5988e9d5234713917df6ccaac604a34a0c","Error in Main Txn : execution reverted","Update","16112955","2022-12-04 17:32:47","0x10121cb2b3f64f0a6231178336aca3e3b87d5ca5","","0x049b51e531fd8f90da6d92ea83dc4125002f20ef","","0 ETH","0.00073256"
"0x690244607d9191e38f28c70b5930e5f8f544a8c00c043c8b867acbba3a6574a5","Error in Main Txn : execution reverted","Update","16112943","2022-12-04 17:30:23","0x10121cb2b3f64f0a6231178336aca3e3b87d5ca5","","0x049b51e531fd8f90da6d92ea83dc4125002f20ef","","0 ETH","0.00079245"
"0x6db0b8ebd66f2e446bcef3969f81d6b6d7c68cac05b29742040ce17fe1d91d2f","Error in Main Txn : execution reverted","Update","16112931","2022-12-04 17:27:59","0x10121cb2b3f64f0a6231178336aca3e3b87d5ca5","","0x049b51e531fd8f90da6d92ea83dc4125002f20ef","","0 ETH","0.0007288"
"0x3f3d867b8d78251d0d362b154d09228a2f9778fa128d864edd428d399cd99b68","Error in Main Txn : execution reverted","Update","16112919","2022-12-04 17:25:35","0x10121cb2b3f64f0a6231178336aca3e3b87d5ca5","","0x049b51e531fd8f90da6d92ea83dc4125002f20ef","","0 ETH","0.00065776"
"0x30189cf420ea5a1d2596dddf53f609afb058f6f3f8b8af6f9332aa6c14696a87","Error in Main Txn : execution reverted","Update","16112907","2022-12-04 17:23:11","0x10121cb2b3f64f0a6231178336aca3e3b87d5ca5","","0x049b51e531fd8f90da6d92ea83dc4125002f20ef","","0 ETH","0.00069332"
"0x3e169dfc736dbd918d111947b6d4875352452ca4963f8123014be2911fa633bc","Error in Main Txn : execution reverted","Update","16112895","2022-12-04 17:20:47","0x10121cb2b3f64f0a6231178336aca3e3b87d5ca5","","0x049b51e531fd8f90da6d92ea83dc4125002f20ef","","0 ETH","0.00071576"
"0x1a26c59fd48d9a0bac42e8cba1bc6442b38af51ea6ddcb0958d3729da5f65b16","Error in Main Txn : execution reverted","Update","16112883","2022-12-04 17:18:23","0x10121cb2b3f64f0a6231178336aca3e3b87d5ca5","","0x049b51e531fd8f90da6d92ea83dc4125002f20ef","","0 ETH","0.00078507"
"0x6a476dcfa4c325c82b8db982dd531030476fd63d5d72d6aedf7e1b9b5ce007ec","Error in Main Txn : execution reverted","Update","16112871","2022-12-04 17:15:59","0x10121cb2b3f64f0a6231178336aca3e3b87d5ca5","","0x049b51e531fd8f90da6d92ea83dc4125002f20ef","","0 ETH","0.00073511"
"0xeb99ab5c79e662c1cf2cf028a0b496a4b86638823fc6c629a6a4566fc6204188","Error in Main Txn : execution reverted","Update","16112859","2022-12-04 17:13:35","0x10121cb2b3f64f0a6231178336aca3e3b87d5ca5","","0x049b51e531fd8f90da6d92ea83dc4125002f20ef","","0 ETH","0.00076589"
"0x1524ec9dd5e0aaccf07bd31b88922a74e310fd237e55081d156334bcab12e7c6","Error in Main Txn : execution reverted","Update","16112847","2022-12-04 17:11:11","0x10121cb2b3f64f0a6231178336aca3e3b87d5ca5","","0x049b51e531fd8f90da6d92ea83dc4125002f20ef","","0 ETH","0.00061432"
"0xd305cea3cda9d8d1dd98ebd428ccdd4bd2ce7d117a674fc2d6e77f6565a3d7c2","Error in Main Txn : execution reverted","Update","16112835","2022-12-04 17:08:47","0x10121cb2b3f64f0a6231178336aca3e3b87d5ca5","","0x049b51e531fd8f90da6d92ea83dc4125002f20ef","","0 ETH","0.00063699"
"0x8be67c0baf1adffcecbff48b575b1ca8d218b723a5194e67e5342141f4201de1","Error in Main Txn : execution reverted","Update","16112823","2022-12-04 17:06:23","0x10121cb2b3f64f0a6231178336aca3e3b87d5ca5","","0x049b51e531fd8f90da6d92ea83dc4125002f20ef","","0 ETH","0.00069524"
"0xf42db086e5ae641c750554eafa8cd32b1bd37e66fe1570af38a4fc614ca94417","Error in Main Txn : execution reverted","Update","16112811","2022-12-04 17:03:59","0x10121cb2b3f64f0a6231178336aca3e3b87d5ca5","","0x049b51e531fd8f90da6d92ea83dc4125002f20ef","","0 ETH","0.00072336"
"0x356f748c0d21aacb49d6eda8a2b285e63dcf8cb1a5866874db131b4ed05b9ef8","Error in Main Txn : execution reverted","Update","16112799","2022-12-04 17:01:35","0x10121cb2b3f64f0a6231178336aca3e3b87d5ca5","","0x049b51e531fd8f90da6d92ea83dc4125002f20ef","","0 ETH","0.00071165"
"0x5d4ec1142ef486d16b65540d112c06f43d157d03239639f8401d0d11d1c6d6dc","Error in Main Txn : execution reverted","Update","16112788","2022-12-04 16:59:11","0x10121cb2b3f64f0a6231178336aca3e3b87d5ca5","","0x049b51e531fd8f90da6d92ea83dc4125002f20ef","","0 ETH","0.00072803"
"0xce2dba1cece6212050e0a648a196c3009f3fb3d0e2292f26013031c7c8e06820","Error in Main Txn : execution reverted","Update","16112776","2022-12-04 16:56:47","0x10121cb2b3f64f0a6231178336aca3e3b87d5ca5","","0x049b51e531fd8f90da6d92ea83dc4125002f20ef","","0 ETH","0.00073085"
"0x3d83e92386bf71278e0a45920d84a55ffcd285901725562b8cff86118eda95df","Error in Main Txn : execution reverted","Update","16112764","2022-12-04 16:54:23","0x10121cb2b3f64f0a6231178336aca3e3b87d5ca5","","0x049b51e531fd8f90da6d92ea83dc4125002f20ef","","0 ETH","0.00079164"
"0x2a6fd812ba220702fe6dd5a14f736b37d246cd742e3c06b4c93ecf0c375728a0","Error in Main Txn : execution reverted","Update","16112753","2022-12-04 16:51:59","0x10121cb2b3f64f0a6231178336aca3e3b87d5ca5","","0x049b51e531fd8f90da6d92ea83dc4125002f20ef","","0 ETH","0.0007316"
"0xcebe9b02668ee875d7f79b0b92b9260137c1425347f9fdfc9a1fa8dcacfb6dd3","Error in Main Txn : execution reverted","Update","16112741","2022-12-04 16:49:35","0x10121cb2b3f64f0a6231178336aca3e3b87d5ca5","","0x049b51e531fd8f90da6d92ea83dc4125002f20ef","","0 ETH","0.0008264"
"0x4831c795dd9338d038868142e5e9c336c1996516a869dd3a2ee6e0f8a27d0431","Error in Main Txn : execution reverted","Update","16112729","2022-12-04 16:47:11","0x10121cb2b3f64f0a6231178336aca3e3b87d5ca5","","0x049b51e531fd8f90da6d92ea83dc4125002f20ef","","0 ETH","0.00066843"
"0x4720b24afe4ca53060dcbd475577ccd057a77fcb278f9e8b6ec920268c78b3ca","Error in Main Txn : execution reverted","Update","16112717","2022-12-04 16:44:47","0x10121cb2b3f64f0a6231178336aca3e3b87d5ca5","","0x049b51e531fd8f90da6d92ea83dc4125002f20ef","","0 ETH","0.00072224"
"0x46134cd8919cd4482a9398feb604d8885da026079cb5fff3a2010fea8732f55f","Error in Main Txn : execution reverted","Update","16112705","2022-12-04 16:42:23","0x10121cb2b3f64f0a6231178336aca3e3b87d5ca5","","0x049b51e531fd8f90da6d92ea83dc4125002f20ef","","0 ETH","0.00078672"
"0x7a46f145f393808bc208fb04a8adcd7b0f88778c4031178496ea6497a405eee4","Error in Main Txn : execution reverted","Update","16112693","2022-12-04 16:39:59","0x10121cb2b3f64f0a6231178336aca3e3b87d5ca5","","0x049b51e531fd8f90da6d92ea83dc4125002f20ef","","0 ETH","0.00075522"
"0x4ff093effdae43188273444db948a832f30e2fb736e8bc91dd5a17400df72266","Error in Main Txn : execution reverted","Update","16112681","2022-12-04 16:37:35","0x10121cb2b3f64f0a6231178336aca3e3b87d5ca5","","0x049b51e531fd8f90da6d92ea83dc4125002f20ef","","0 ETH","0.00080166"
"0x6af84130fde388055abdd2fbc76b1a34c8387c0e70d7b911b75007b01e7acaae","Error in Main Txn : execution reverted","Update","16112670","2022-12-04 16:35:11","0x10121cb2b3f64f0a6231178336aca3e3b87d5ca5","","0x049b51e531fd8f90da6d92ea83dc4125002f20ef","","0 ETH","0.00067048"
"0x539385a63599bf7bdfdc04aed68ab59a9d21c366e7a2911f975dd982088d76e1","Error in Main Txn : execution reverted","Update","16112658","2022-12-04 16:32:47","0x10121cb2b3f64f0a6231178336aca3e3b87d5ca5","","0x049b51e531fd8f90da6d92ea83dc4125002f20ef","","0 ETH","0.00077646"
"0xc61e0ea000779f3ae6a580c589e8c3dc94ff19430817eafc61abfbe9836ec84d","Error in Main Txn : execution reverted","Update","16112646","2022-12-04 16:30:11","0x10121cb2b3f64f0a6231178336aca3e3b87d5ca5","","0x049b51e531fd8f90da6d92ea83dc4125002f20ef","","0 ETH","0.00063865"
"0xace34f591555da9136efd6b999ee91c247d5ac5ae647101aa04b45bed146a2b1","Error in Main Txn : execution reverted","Update","16112634","2022-12-04 16:27:47","0x10121cb2b3f64f0a6231178336aca3e3b87d5ca5","","0x049b51e531fd8f90da6d92ea83dc4125002f20ef","","0 ETH","0.00071459"
"0x88a07a05ceadfcb73683171d1d519281c5c97463e4a0db8f6f0527f708c4bf64","Error in Main Txn : execution reverted","Update","16112622","2022-12-04 16:25:23","0x10121cb2b3f64f0a6231178336aca3e3b87d5ca5","","0x049b51e531fd8f90da6d92ea83dc4125002f20ef","","0 ETH","0.00070385"
"0xba8c5eefcef0f72b230a396716d67d642379d6e0e13dec54d0cf9de982eff1b8","Error in Main Txn : execution reverted","Update","16112610","2022-12-04 16:22:59","0x10121cb2b3f64f0a6231178336aca3e3b87d5ca5","","0x049b51e531fd8f90da6d92ea83dc4125002f20ef","","0 ETH","0.00071271"
"0xc30665e4f9c858656662fae94bf5585fe8c1778b1c42cc2a882d07976ec793c8","Error in Main Txn : execution reverted","Update","16112598","2022-12-04 16:20:35","0x10121cb2b3f64f0a6231178336aca3e3b87d5ca5","","0x049b51e531fd8f90da6d92ea83dc4125002f20ef","","0 ETH","0.00073712"
"0xf5f7d618e5b7f42ae5ec66b3d51c4709041b80dfac6d92663e1a7965740b1c36","Error in Main Txn : execution reverted","Update","16112586","2022-12-04 16:18:11","0x10121cb2b3f64f0a6231178336aca3e3b87d5ca5","","0x049b51e531fd8f90da6d92ea83dc4125002f20ef","","0 ETH","0.00076505"
"0x6390b501be4bad363c888eb8eb71a60fb2051d403385b6d8d87bcee0b9de062b","Error in Main Txn : execution reverted","Update","16112574","2022-12-04 16:15:47","0x10121cb2b3f64f0a6231178336aca3e3b87d5ca5","","0x049b51e531fd8f90da6d92ea83dc4125002f20ef","","0 ETH","0.00072628"
"0x643ad8b81873de77e31af7a5a5f45bba4a40b4ae1c36a9cd7d0c25c8bd2e5f5f","Error in Main Txn : execution reverted","Update","16112562","2022-12-04 16:13:23","0x10121cb2b3f64f0a6231178336aca3e3b87d5ca5","","0x049b51e531fd8f90da6d92ea83dc4125002f20ef","","0 ETH","0.00073643"
"0x048bc89483ffe93dcabbef5590145405194790ddbf522d2dece7e946a030485c","Error in Main Txn : execution reverted","Update","16112550","2022-12-04 16:10:59","0x10121cb2b3f64f0a6231178336aca3e3b87d5ca5","","0x049b51e531fd8f90da6d92ea83dc4125002f20ef","","0 ETH","0.00072399"
"0x47fda160d57ca7f33a33980dbbd9451ba1bc4fdf5bbcaa0e0032706194a2e0bd","Error in Main Txn : execution reverted","Update","16112538","2022-12-04 16:08:35","0x10121cb2b3f64f0a6231178336aca3e3b87d5ca5","","0x049b51e531fd8f90da6d92ea83dc4125002f20ef","","0 ETH","0.00076804"
"0xf6907f029ced9fd5efec4bbd6783911ec90e5a4609d7d220d54392ac3d9c1d30","Error in Main Txn : execution reverted","Update","16112527","2022-12-04 16:06:11","0x10121cb2b3f64f0a6231178336aca3e3b87d5ca5","","0x049b51e531fd8f90da6d92ea83dc4125002f20ef","","0 ETH","0.00073574"
"0x0b21c0519ab803976b1a256198eb145453cae24a66fb6418442f2a27ffc3e17f","Error in Main Txn : execution reverted","Update","16112515","2022-12-04 16:03:47","0x10121cb2b3f64f0a6231178336aca3e3b87d5ca5","","0x049b51e531fd8f90da6d92ea83dc4125002f20ef","","0 ETH","0.00085897"
"0x868e4fdb154967b63f669065c030b547ba59220d27537180008ab2196c194f8c","Error in Main Txn : execution reverted","Update","16112503","2022-12-04 16:01:23","0x10121cb2b3f64f0a6231178336aca3e3b87d5ca5","","0x049b51e531fd8f90da6d92ea83dc4125002f20ef","","0 ETH","0.00079866"
"0x656f01dc250529d4d849a858a53acd7d2252c0e472fd1402e8bdb16b53c99754","Error in Main Txn : execution reverted","Update","16112491","2022-12-04 15:58:59","0x10121cb2b3f64f0a6231178336aca3e3b87d5ca5","","0x049b51e531fd8f90da6d92ea83dc4125002f20ef","","0 ETH","0.00074625"
"0xe51c17e7c52feb6d2035c2547d604a43e9ef711e6a1883155fed854822002ca9","Error in Main Txn : execution reverted","Update","16112480","2022-12-04 15:56:47","0x10121cb2b3f64f0a6231178336aca3e3b87d5ca5","","0x049b51e531fd8f90da6d92ea83dc4125002f20ef","","0 ETH","0.0008014"
"0xe537cdbdbba53c8ba1143ce0d04b0276ca60dcef16928dfa4e862e3ec216785d","Error in Main Txn : execution reverted","Update","16112468","2022-12-04 15:54:23","0x10121cb2b3f64f0a6231178336aca3e3b87d5ca5","","0x049b51e531fd8f90da6d92ea83dc4125002f20ef","","0 ETH","0.0007456"
"0xc4c916f9f6457baee4be90781b7c94b0423fa96e33658414d72d2776b6e3b988","Error in Main Txn : execution reverted","Update","16112456","2022-12-04 15:51:59","0x10121cb2b3f64f0a6231178336aca3e3b87d5ca5","","0x049b51e531fd8f90da6d92ea83dc4125002f20ef","","0 ETH","0.0007391"
"0x6b6a3650426bd6b4ad588b195ecc19f87621da58859c76caa336e62a5fe729f5","Error in Main Txn : execution reverted","Update","16112446","2022-12-04 15:49:47","0x10121cb2b3f64f0a6231178336aca3e3b87d5ca5","","0x049b51e531fd8f90da6d92ea83dc4125002f20ef","","0 ETH","0.00073955"
"0xdd0cc0452baa2cf7e3fd46d8ddac2aa68937169dcae33725bb62aca5f3ee038c","Error in Main Txn : execution reverted","Update","16112434","2022-12-04 15:47:23","0x10121cb2b3f64f0a6231178336aca3e3b87d5ca5","","0x049b51e531fd8f90da6d92ea83dc4125002f20ef","","0 ETH","0.00085111"
"0xea823a7e61a3cf83f95f17dd16d5b692423ac04ed3eb414a9fc048979f5b3359","Error in Main Txn : execution reverted","Update","16112422","2022-12-04 15:44:59","0x10121cb2b3f64f0a6231178336aca3e3b87d5ca5","","0x049b51e531fd8f90da6d92ea83dc4125002f20ef","","0 ETH","0.00083778"
"0x27ed2bb192d482a1ff4ec1ee1ce636044b18bea459c76ac9e152659be892a6ba","Error in Main Txn : execution reverted","Update","16112410","2022-12-04 15:42:35","0x10121cb2b3f64f0a6231178336aca3e3b87d5ca5","","0x049b51e531fd8f90da6d92ea83dc4125002f20ef","","0 ETH","0.00083279"
"0xed58179c30d3b837e06e4cfb74bb113fbf9fcfc957226b2c5c1f30a425adea15","Error in Main Txn : execution reverted","Update","16112398","2022-12-04 15:40:11","0x10121cb2b3f64f0a6231178336aca3e3b87d5ca5","","0x049b51e531fd8f90da6d92ea83dc4125002f20ef","","0 ETH","0.00082696"
"0x59506b848b8f549b006597e11536913c5642391b820c58c42365d21d692bf0d2","Error in Main Txn : execution reverted","Update","16112386","2022-12-04 15:37:47","0x10121cb2b3f64f0a6231178336aca3e3b87d5ca5","","0x049b51e531fd8f90da6d92ea83dc4125002f20ef","","0 ETH","0.0008591"
"0x88a0cbd22717d813445b46aa6e7ab63d75c5cd74a4817404cffee5e91b58b482","Error in Main Txn : execution reverted","Update","16112373","2022-12-04 15:35:11","0x10121cb2b3f64f0a6231178336aca3e3b87d5ca5","","0x049b51e531fd8f90da6d92ea83dc4125002f20ef","","0 ETH","0.00092923"
"0xa368765bcaebb0f90c966970d507a779b28057b5a6d77cf7ae8cd41fac31fe29","Error in Main Txn : execution reverted","Update","16112361","2022-12-04 15:32:47","0x10121cb2b3f64f0a6231178336aca3e3b87d5ca5","","0x049b51e531fd8f90da6d92ea83dc4125002f20ef","","0 ETH","0.00099688"
"0xb8349b8e8ef7b01f960c954345d75faca3fa8a20042c181fe52ef310730cabae","Error in Main Txn : execution reverted","Update","16112349","2022-12-04 15:30:23","0x10121cb2b3f64f0a6231178336aca3e3b87d5ca5","","0x049b51e531fd8f90da6d92ea83dc4125002f20ef","","0 ETH","0.00087393"
"0x9e4a4683da9210a715efa6759c7d76f3bae050c7edb7fa450622f4c0f68534ff","Error in Main Txn : execution reverted","Update","16112337","2022-12-04 15:27:59","0x10121cb2b3f64f0a6231178336aca3e3b87d5ca5","","0x049b51e531fd8f90da6d92ea83dc4125002f20ef","","0 ETH","0.00084514"
"0x91cdf940991d7409cb89dadd50ad6b25b0a7812cef5e5a13d74caf825938d999","Error in Main Txn : execution reverted","Update","16112325","2022-12-04 15:25:35","0x10121cb2b3f64f0a6231178336aca3e3b87d5ca5","","0x049b51e531fd8f90da6d92ea83dc4125002f20ef","","0 ETH","0.00090143"
"0x052cc0dca964dcf8a4bf5a18cf74d2285421977a610fcea5c9971dcfd4a68ce5","Error in Main Txn : execution reverted","Update","16112312","2022-12-04 15:22:59","0x10121cb2b3f64f0a6231178336aca3e3b87d5ca5","","0x049b51e531fd8f90da6d92ea83dc4125002f20ef","","0 ETH","0.00109715"
"0xaa747ba7b0f593a4180bd3ad340fa206ffc5fb73f6df75a5752c10eb33a521cb","Error in Main Txn : execution reverted","Update","16112300","2022-12-04 15:20:35","0x10121cb2b3f64f0a6231178336aca3e3b87d5ca5","","0x049b51e531fd8f90da6d92ea83dc4125002f20ef","","0 ETH","0.00086894"
"0x8b554cc6cd3c382d9de1ce5d194cd950c9d053991f222bc5012360fa12a3d3c6","Error in Main Txn : execution reverted","Update","16112289","2022-12-04 15:18:23","0x10121cb2b3f64f0a6231178336aca3e3b87d5ca5","","0x049b51e531fd8f90da6d92ea83dc4125002f20ef","","0 ETH","0.00083778"