"Transaction Hash","Status","Type","Method","Block","Age","From","From_NameTag","To","To_NameTag","Amount","Value (USD)","Asset","Txn Fee"
"0x933a2134e831669222c22a5ade26aff23d26f58764ec8f586f71e9d8c7887d8a","Success","ERC-20","Send","14617297","840 days ago","0xeb0B817394Ca0527E16c3959680d94CcEcA9adE4"," ","0x0000000000000000000000000000000000000000","Null: 0x000...000","945","$0.00","Wrapped GLMR(WGLMR)","0.01170624"
"0xeb703d6589e1397043314b5ca98e4ae06b4d033468b801a7a375d36a242ebc6f","Success","ERC-20","Send","14617287","840 days ago","0xDd1b110f2F5134A7797407e19A4744412FAC55f9"," ","0x0000000000000000000000000000000000000000","Null: 0x000...000","30,000","$0.00","Wrapped GLMR(WGLMR)","0.01138778"
"0x15941cac69660d80cd3d2fd925b675785c05f2c6bce7d655651346042eae2a0b","Success","ERC-20","Send","14615607","840 days ago","0x24ea805a2403cf9c0602e35782B59Bc3DBCe87F3"," ","0x0000000000000000000000000000000000000000","Null: 0x000...000","999","$0.00","Wrapped GLMR(WGLMR)","0.00651776"
"0xe5a3ebfdc4e05f1b9b11bbae5cffdaacccfe01d2039c3ca5ac2327a6ecf9541b","Success","ERC-20","Send","14615588","840 days ago","0x0230aCbE82ce9aA6E6e9c53CEe1e8f2C07B42711"," ","0x0000000000000000000000000000000000000000","Null: 0x000...000","976","$0.00","Wrapped GLMR(WGLMR)","0.00731489"
"0x70bca7fd6b2229d965cf4610e7bdbd11bdb14e5e6aec67157138b3de506386aa","Success","ERC-20","Send","14615582","840 days ago","0xc34FE121C3F352A4ea4ACf950e949343f1557602"," ","0x0000000000000000000000000000000000000000","Null: 0x000...000","986","$0.00","Wrapped GLMR(WGLMR)","0.00765454"
"0x98a208706fb8d8177370a7e363425ff7009b48c8db69f08d2b53626f92b92880","Success","ERC-20","Send","14615572","840 days ago","0x2AE6839967A6560A9a9Ec7c3592a01aaEd40F45a"," ","0x0000000000000000000000000000000000000000","Null: 0x000...000","956","$0.00","Wrapped GLMR(WGLMR)","0.00845508"
"0x31fd8e65333b2a2783070070769b7310a05dda7614ad1a0b1f08474fdcaae64f","Success","ERC-20","Send","14615562","840 days ago","0x89ae0538F4060b4E30aA61bb0479013e5132A9Cd"," ","0x0000000000000000000000000000000000000000","Null: 0x000...000","997","$0.00","Wrapped GLMR(WGLMR)","0.0082675"
"0xe0351f7ce55ad96698e24fb2e945b380957962c41f0a567578d4d92d3adc4b99","Success","ERC-20","Send","14615554","840 days ago","0xcBB8CF019a716684771515E4e95ad0fa304F29da"," ","0x0000000000000000000000000000000000000000","Null: 0x000...000","997","$0.00","Wrapped GLMR(WGLMR)","0.00822619"
"0xe42a91077a2cd2b90b99bd315ddc5812953ee54288c84d798c73a11ecff0a0e2","Success","ERC-20","Send","14614990","840 days ago","0xA852EA3E4c1b343a5FDeA9d3fcf22d8F0dEf5316"," ","0x0000000000000000000000000000000000000000","Null: 0x000...000","998","$0.00","Wrapped GLMR(WGLMR)","0.00650808"
"0x00a0e365d29dc0258cd3938eb962e4fc2f8a0d0623f5bac4063d33754f56bc47","Success","ERC-20","Send","14614456","841 days ago","0xfaC742b7e14538D4B7187249eD93E8674D9d3d7c"," ","0x0000000000000000000000000000000000000000","Null: 0x000...000","40","$0.00","Wrapped GLMR(WGLMR)","0.00625869"
"0x969356306e4d82c9a572d594d0897c771eaa775d75591b273209f006361a7f28","Success","ERC-20","Send","14614341","841 days ago","0xa14a65ab3469e94dffe99bc7d4ab2dc21b71d198"," ","0x0000000000000000000000000000000000000000","Null: 0x000...000","24","$0.00","Wrapped GLMR(WGLMR)","0.00666247"
"0xc4536c5d35334f2ddfe5281dbbcf1c3fee2e7550a09255546149b42e3f3b4c56","Success","ERC-20","Send","14614285","841 days ago","0xe52b2362198CA5a78fC6C1aE91baDC80dFA76F89"," ","0x0000000000000000000000000000000000000000","Null: 0x000...000","39","$0.00","Wrapped GLMR(WGLMR)","0.00434834"
"0x3a46caab7d3cdf7f388840e75ef2441fab1a2637479d73a5818537b37ea73866","Success","ERC-20","Send","14611337","841 days ago","0xe6C17504Ad122617ef47FBa0cE7d10A3C26BF0BA"," ","0x0000000000000000000000000000000000000000","Null: 0x000...000","150","$0.00","Wrapped GLMR(WGLMR)","0.00769555"
"0xb82fac505eb1ccf883583eccead2c5f68c9f89d2c4ce1b09170cb04e741204d2","Success","ERC-20","Send","14611328","841 days ago","0xA5b936cD0f1731748d59C74E9510D8046b1a08ac"," ","0x0000000000000000000000000000000000000000","Null: 0x000...000","997","$0.00","Wrapped GLMR(WGLMR)","0.0098134"
"0x8360c02c9b71f73f6bb70cd9d97f07ae9ec7591c13a8b132e3735b96432c0561","Success","ERC-20","Send","14611286","841 days ago","0x792b32ea8ffbac34066a901aeb6a85037fd64030"," ","0x0000000000000000000000000000000000000000","Null: 0x000...000","150","$0.00","Wrapped GLMR(WGLMR)","0.01201378"
"0xf6c9f414566c384097e69b271de1ea4a44a73ebf7685a3379e0d62c3bf906e21","Success","ERC-20","Send","14611245","841 days ago","0xBD980eE024db3C4a7ECB552DfDF2BCA02565149C"," ","0x0000000000000000000000000000000000000000","Null: 0x000...000","150","$0.00","Wrapped GLMR(WGLMR)","0.00817348"
"0x3f39175d88763bdb364112b71ba9b998b520af71e2408dbe49fe5ce282d2a5f2","Success","ERC-20","Send","14611231","841 days ago","0x730A30f59e579F12762fA02ceCa9C73fDe1C0AbC"," ","0x0000000000000000000000000000000000000000","Null: 0x000...000","150","$0.00","Wrapped GLMR(WGLMR)","0.00773402"
"0x7051a5bbeecdacfd25a51f47b2348b626713c53980a6a5d0ab982019852c3d0c","Success","ERC-20","Send","14610401","841 days ago","0x489228bEb8D3a0bfDE6aC037b7281d652B361a87"," ","0x0000000000000000000000000000000000000000","Null: 0x000...000","150","$0.00","Wrapped GLMR(WGLMR)","0.01168145"
"0xfa14f6ff57c1b66dc3c583b714b8acaa2331e61a3167ae5ad08b5918a4c0c54d","Success","ERC-20","Send","14610326","841 days ago","0xaA4085d84458F19feE66B5E1363db86524C5eB93"," ","0x0000000000000000000000000000000000000000","Null: 0x000...000","150","$0.00","Wrapped GLMR(WGLMR)","0.00996984"
"0x178f877960c691eb461f2ca4a631da9cab1006fe13d8f7186ab402c81d115cb6","Success","ERC-20","Send","14609376","841 days ago","0x31c89A3b8847079bC1C66d4B69e3AD332BF62Ce0"," ","0x0000000000000000000000000000000000000000","Null: 0x000...000","12","$0.00","Wrapped GLMR(WGLMR)","0.00613926"
"0x78c2f65a3926b7d05701eaa35b22e1dff116fedc637bd73f26ec77b0d5c3f79f","Success","ERC-20","Send","14608195","841 days ago","0x808Dd10aeC73C683Ad92A3f2aF6c3B037C3FfBd1"," ","0x0000000000000000000000000000000000000000","Null: 0x000...000","39","$0.00","Wrapped GLMR(WGLMR)","0.00441748"
"0xeca1e4f83281fd16afec0af6861770b1e0b834746e13d72aa86c7457c34ede7d","Success","ERC-20","Send","14608170","841 days ago","0x58D74E148014c7f2dF356dA166d2bf328B44EC78"," ","0x0000000000000000000000000000000000000000","Null: 0x000...000","43","$0.00","Wrapped GLMR(WGLMR)","0.00399089"
"0xc158eed891f3393735663120cb9637ff388b381007cf85724f96655ea77923c1","Success","ERC-20","Send","14608147","842 days ago","0x382f4Eb845075bBAE979F7C9592eE99a413Cbe3b"," ","0x0000000000000000000000000000000000000000","Null: 0x000...000","44","$0.00","Wrapped GLMR(WGLMR)","0.00491103"
"0x96695ff284fbe33350e6aedb60e9a3baca1b660b5c455f11a8462260124fbc53","Success","ERC-20","Send","14608129","842 days ago","0x57C8748A9918E78402884A1A9a105FaEBf11AE5a"," ","0x0000000000000000000000000000000000000000","Null: 0x000...000","40","$0.00","Wrapped GLMR(WGLMR)","0.0042864"
"0x883189308566f2ca0dd7e1d8abba2a49011876a43c61f356c5448260bb670941","Success","ERC-20","Send","14608076","842 days ago","0x1eb4f5ae6e14f6376b7175656994f58cea565c0d"," ","0x0000000000000000000000000000000000000000","Null: 0x000...000","4","$0.00","Wrapped GLMR(WGLMR)","0.00364526"
"0xeb03270ecd0fa33fb3c285dd1193e6daedfc5aab2ce56b6bed8e8e0dd143b664","Success","ERC-20","Send","14606215","842 days ago","0xa27a729443AD105caBbC5d2d7F877A5340Aa3e69"," ","0x0000000000000000000000000000000000000000","Null: 0x000...000","30","$0.00","Wrapped GLMR(WGLMR)","0.00846602"
"0xe9abc038fa557485d621dd14edb509a43adec51b0241b08c27982eb45c3e4d46","Success","ERC-20","Send","14606162","842 days ago","0x56729b3ECe444F2E0A7a733d4c7f56d69cC0DF0e"," ","0x0000000000000000000000000000000000000000","Null: 0x000...000","100","$0.00","Wrapped GLMR(WGLMR)","0.00517899"
"0xeccac8cfb0a002c3b83482a415847d9335c1570181aa9f899abe13006533af9a","Success","ERC-20","Send","14604846","842 days ago","0x1bda0a00d113eee140757aa5603c7cca15295153"," ","0x0000000000000000000000000000000000000000","Null: 0x000...000","0.5","$0.00","Wrapped GLMR(WGLMR)","0.00526638"
"0x9897bf87acc3c28b46a81c38a8e24ce3803fd3560f51835fb3cfe6161eee31c7","Success","ERC-20","Send","14604415","842 days ago","0x24523b1979ba2603a66d613d00662b63aaadbb54"," ","0x0000000000000000000000000000000000000000","Null: 0x000...000","40","$0.00","Wrapped GLMR(WGLMR)","0.00502864"
"0xbe0a83f3eb4afdcbf23347d573be980051289339e9ba7627a7bd4ab091d40c6b","Success","ERC-20","Send","14604415","842 days ago","0x09bC1441232200cAf48Cd84Ac17F02FDbE59F3c3"," ","0x0000000000000000000000000000000000000000","Null: 0x000...000","39","$0.00","Wrapped GLMR(WGLMR)","0.00496811"
"0x5f554ba38bad7d05f6968235384d3910d8623f4638674e7e0a4f3a055f7b4af1","Success","ERC-20","Send","14604123","842 days ago","0x3c1148aaecE6bA5f95F5b66F8909ba758537076e"," ","0x0000000000000000000000000000000000000000","Null: 0x000...000","30","$0.00","Wrapped GLMR(WGLMR)","0.00604173"
"0x6c5be8db2c6455aab66d8e712ddd7fc8dfa69d6c9a33d2cd7e6008cc889b09b0","Success","ERC-20","Send","14602186","842 days ago","0xEd9A9f5754cC0d1653Be787f53808F19b5362507"," ","0x0000000000000000000000000000000000000000","Null: 0x000...000","79.75","$0.00","Wrapped GLMR(WGLMR)","0.00429667"
"0xc65e224b8839d60a74ffc679369e06f2cf42b6415062c4f2625d3a7630d54eeb","Success","ERC-20","Send","14602010","842 days ago","0xe99fb6683dddf0aaaeb01840695fc5a05a07ee59"," ","0x0000000000000000000000000000000000000000","Null: 0x000...000","29","$0.00","Wrapped GLMR(WGLMR)","0.00353766"
"0xf61f22a9015a5f35a0300c4a5c31fc81f469b3ae8dd19cdb0b9e26afab301e81","Success","ERC-20","Send","14601573","843 days ago","0x9af5F70708d0C992B9C377c60bb5211FAE748365"," ","0x0000000000000000000000000000000000000000","Null: 0x000...000","19.2","$0.00","Wrapped GLMR(WGLMR)","0.00502468"
"0xe0f810c16cd64065528f5d13f0540225fc73f3986536913c21259abe079f8205","Success","ERC-20","Send","14596374","843 days ago","0xB92eF9e2d5e8C4f454d7907Bc40b85e43306A353"," ","0x0000000000000000000000000000000000000000","Null: 0x000...000","79.78","$0.00","Wrapped GLMR(WGLMR)","0.00518514"
"0x75ac702b0cda2c05295574520ba31177f39b095505f6f9a88087f89b8d818f05","Success","ERC-20","Send","14594922","844 days ago","0xb0647A498731AD35ca476d9cedDE7Bd002B87e31"," ","0x0000000000000000000000000000000000000000","Null: 0x000...000","39.89","$0.00","Wrapped GLMR(WGLMR)","0.00510362"
"0x3e701266db0abb1013248a2fdc6a809bb6550c1cbd30b1e1f893eae11a895b23","Success","ERC-20","Send","14594539","844 days ago","0xb048fc114a229496fbe677b2e0852f8c6387d684"," ","0x0000000000000000000000000000000000000000","Null: 0x000...000","49.99","$0.00","Wrapped GLMR(WGLMR)","0.00593062"
"0x27457a698841f57a873e589051e34573862228a748528e2fc125e3845fcb7384","Success","ERC-20","Send","14592967","844 days ago","0x76A3868155B5D78dF56F751295ED50fa5F87cc71"," ","0x0000000000000000000000000000000000000000","Null: 0x000...000","39.92","$0.00","Wrapped GLMR(WGLMR)","0.00633788"
"0xb77f1446cccba3d6d3179e179eabc2a50befe53e129c9dc2356ab6be040350eb","Success","ERC-20","Send","14588029","845 days ago","0x9DdD4B0B58a0ac5479e917a5A69D4dBE45154358"," ","0x0000000000000000000000000000000000000000","Null: 0x000...000","997","$0.00","Wrapped GLMR(WGLMR)","0.00744721"
"0x35a8a1c5841999db5b649ace19dc4de0df6c688a874f55e9c162f42c514ed829","Success","ERC-20","Send","14585886","845 days ago","0xB0aF9eE9CEc662809E03Ad611198c6C2A8F6a315"," ","0x0000000000000000000000000000000000000000","Null: 0x000...000","997","$0.00","Wrapped GLMR(WGLMR)","0.0126946"
"0x5868fee6f17adf2bfb3dd645838776cf86f1fc6fc27ae952534f1bcd6d024aaf","Success","ERC-20","Send","14583558","845 days ago","0x61fC93E4eC73Ebc3f0422aba48cdcb949e292e71"," ","0x0000000000000000000000000000000000000000","Null: 0x000...000","997","$0.00","Wrapped GLMR(WGLMR)","0.00717488"
"0x5f3e7add2574b81776e8800d4ab483dfd67aecd10ac7104e3f81db6afbdc4c9f","Success","ERC-20","Send","14582536","845 days ago","0xDe29CFCb7b5E5FD4d02E8cDA2Cb08DAbbE6b3D97"," ","0x0000000000000000000000000000000000000000","Null: 0x000...000","1,499","$0.00","Wrapped GLMR(WGLMR)","0.00870838"
"0x8b2d136e40e22e1d0093d8a6e26e9f58a0b25d99e64f86bd5e479a076844a4e1","Success","ERC-20","Send","14581808","846 days ago","0xE79C58815cF703828bC168b0767452700De9b0b8"," ","0x0000000000000000000000000000000000000000","Null: 0x000...000","997","$0.00","Wrapped GLMR(WGLMR)","0.00748759"
"0x926a2f5fcf7f22b379a56181bdf7d3d1b6482d21c7b0e790713b01abf8d005b6","Success","ERC-20","Send","14581313","846 days ago","0xED6E2fA23e88ffbaAfE6bBF17dCdc571F3f51b90"," ","0x0000000000000000000000000000000000000000","Null: 0x000...000","997","$0.00","Wrapped GLMR(WGLMR)","0.01239931"
"0xc57a2322dfb3a6b6ddb5fad9112a553df115633f4253d1869bebfd202780c7b7","Success","ERC-20","Send","14579012","846 days ago","0x6A9bc308D04dDB0fEdeeCeC64B843161e72fFa38"," ","0x0000000000000000000000000000000000000000","Null: 0x000...000","997","$0.00","Wrapped GLMR(WGLMR)","0.01451281"
"0x88ddd94ffae3d5fc7f3959ba5bd8233e800402ae5d2214850b3a3c03bdfb4d31","Success","ERC-20","Send","14578793","846 days ago","0xDd1b110f2F5134A7797407e19A4744412FAC55f9"," ","0x0000000000000000000000000000000000000000","Null: 0x000...000","699","$0.00","Wrapped GLMR(WGLMR)","0.01238993"
"0x6896bf46b5faf5497414066281673eba0a6f04de0a29e8bb01dd4bf9932f7831","Success","ERC-20","Send","14575596","847 days ago","0x76FeB15406Fd0637b95C871BFA8C71FbB1854dD0"," ","0x0000000000000000000000000000000000000000","Null: 0x000...000","39.99","$0.00","Wrapped GLMR(WGLMR)","0.00889522"
"0x439f5eca91f403b509091134c6f4d07f5cf5f5a9be8df741b10b08421192057c","Success","ERC-20","Send","14422748","870 days ago","0xf9c991e5e84954561a4625a0dc0d879fd7fbbebc"," ","0x0000000000000000000000000000000000000000","Null: 0x000...000","120","$0.00","Wrapped GLMR(WGLMR)","0.00392266"
"0x96ceb5b768b3d906f72b52b29848b65ba24b709edf2af132fd2c6b99e7652efa","Success","ERC-20","Send","14355466","881 days ago","0x30b14392b5c8dbe992e6d1d28dea0a612d152f33"," ","0x0000000000000000000000000000000000000000","Null: 0x000...000","1,556.6","$0.00","Wrapped GLMR(WGLMR)","0.00679702"
"0x1ae7ee88b0dd1e91ad5e0044ff248cf4b29f3f891dc0641e5f4f08c2e4c0edfa","Success","ERC-20","Send","14202700","905 days ago","0x950FEB37e6d1F41815D0e67Cc829c15ea28146Ef"," ","0x0000000000000000000000000000000000000000","Null: 0x000...000","92.9","$0.00","Wrapped GLMR(WGLMR)","0.00649721"
"0x7e0d006fb2a4524a51c141a2021f78ab1462782a6d8cc82e048cc1a1d6cfa724","Success","ERC-20","Send","14105911","920 days ago","0xbf5d6A75814365Ae9C100F98d435eB9D1C5a8c5b"," ","0x0000000000000000000000000000000000000000","Null: 0x000...000","30.9","$0.00","Wrapped GLMR(WGLMR)","0.01518272"
"0x52a4c05075731f772b8068c478cdb73b919d929b3bb3340a59b01750d104543d","Success","ERC-20","Send","14074776","924 days ago","0x9A583AFe399c74176eD6dF0FF5609311731524Ee"," ","0x0000000000000000000000000000000000000000","Null: 0x000...000","463","$0.00","Wrapped GLMR(WGLMR)","0.02048748"
"0x6c6211a387c3c039987c7201835800b2644f815a554b2a4d6202337256391837","Success","ERC-20","Send","14031379","931 days ago","0xb7f23faE09dEcfDfaaC75e26c2BCC2fccd322BfB"," ","0x0000000000000000000000000000000000000000","Null: 0x000...000","0.001","$0.00","Wrapped GLMR(WGLMR)","0.02648638"
"0xe66484da1c3bf849275a9c7c1f6616e094ab0e0872942d7186e909f36f8f0051","Success","ERC-20","Send","14029274","931 days ago","0x59c37E94Da9747052d4C051D1832BAb10d4AF2b5"," ","0x0000000000000000000000000000000000000000","Null: 0x000...000","3","$0.00","Wrapped GLMR(WGLMR)","0.02280735"